Workbook

Sheet equipo1
A1: CORPORACION CRIOLLITOS DE VENEZUELA
A2: LIGA DE BEISBOL MENOR JUAN GUILLERMO GUZMAN
B4: CATEGORIA : INFANTIL
A6: Equipo 1 | C6: O F E N S I V A I N D I V I D U A L
A7: NOMBRE | B7: No | C7: VB | D7: CA | E7: H | F7: 2B | G7: 3B | H7: HR | I7: CI | J7: K | K7: BB | L7: BR | M7: GP | N7: SH | O7: SF | P7: INT | Q7: BAL | R7: AL | T7: VB | U7: CA | V7: H | W7: 2B | X7: 3B | Y7: HR | Z7: CI | AA7: K | AB7: BB | AC7: BR | AD7: GP | AE7: SH | AF7: SF | AG7: INT | AH7: BAL | AI7: AL | AK7: VB | AL7: CA | AM7: H | AN7: 2B | AO7: 3B | AP7: HR | AQ7: CI | AR7: K | AS7: BB | AT7: BR | AU7: GP | AV7: SH | AW7: SF | AX7: INT | AY7: BAL | AZ7: AL | BB7: VB | BC7: CA | BD7: H | BE7: 2B | BF7: 3B | BG7: HR | BH7: CI | BI7: K | BJ7: BB | BK7: BR | BL7: GP | BM7: SH | BN7: SF | BO7: INT | BP7: BAL | BQ7: AL | BS7: VB | BT7: CA | BU7: H | BV7: 2B | BW7: 3B | BX7: HR | BY7: CI | BZ7: K | CA7: BB | CB7: BR | CC7: GP | CD7: SH | CE7: SF | CF7: INT | CG7: BAL | CH7: AL | CJ7: VB | CK7: CA | CL7: H | CM7: 2B | CN7: 3B | CO7: HR | CP7: CI | CQ7: K | CR7: BB | CS7: BR | CT7: GP | CU7: SH | CV7: SF | CW7: INT | CX7: BAL | CY7: AL | DA7: VB | DB7: CA | DC7: H | DD7: 2B | DE7: 3B | DF7: HR | DG7: CI | DH7: K | DI7: BB | DJ7: BR | DK7: GP | DL7: SH | DM7: SF | DN7: INT | DO7: BAL | DP7: AL | DR7: VB | DS7: CA | DT7: H | DU7: 2B | DV7: 3B | DW7: HR | DX7: CI | DY7: K | DZ7: BB | EA7: BR | EB7: GP | EC7: SH | ED7: SF | EE7: INT | EF7: BAL | EG7: AL | EI7: VB | EJ7: CA | EK7: H | EL7: 2B | EM7: 3B | EN7: HR | EO7: CI | EP7: K | EQ7: BB | ER7: BR | ES7: GP | ET7: SH | EU7: SF | EV7: INT | EW7: BAL | EX7: AL | EZ7: VB | FA7: CA | FB7: H | FC7: 2B | FD7: 3B | FE7: HR | FF7: CI | FG7: K | FH7: BB | FI7: BR | FJ7: GP | FK7: SH | FL7: SF | FM7: INT | FN7: BAL | FO7: AL | FQ7: VB | FR7: CA | FS7: H | FT7: 2B | FU7: 3B | FV7: HR | FW7: CI | FX7: K | FY7: BB | FZ7: BR | GA7: GP | GB7: SH | GC7: SF | GD7: INT | GE7: BAL | GF7: AL | GH7: VB | GI7: CA | GJ7: H | GK7: 2B | GL7: 3B | GM7: HR | GN7: CI | GO7: K | GP7: BB | GQ7: BR | GR7: GP | GS7: SH | GT7: SF | GU7: INT | GV7: BAL | GW7: AL | GY7: VB | GZ7: CA | HA7: H | HB7: 2B | HC7: 3B | HD7: HR | HE7: CI | HF7: K | HG7: BB | HH7: BR | HI7: GP | HJ7: SH | HK7: SF | HL7: INT | HM7: BAL | HN7: AL | HP7: VB | HQ7: CA | HR7: H | HS7: 2B | HT7: 3B | HU7: HR | HV7: CI | HW7: K | HX7: BB | HY7: BR | HZ7: GP | IA7: SH | IB7: SF | IC7: INT | ID7: BAL | IE7: AL | IG7: VB | IH7: CA | II7: H | IJ7: 2B | IK7: 3B | IL7: HR | IM7: CI | IN7: K | IO7: BB | IP7: BR | IQ7: GP | IR7: SH | IS7: SF | IT7: INT | IU7: BAL | IV7: AL
A8: Luis Garcia | B8: 1 | C8: 5 | D8: 4 | E8: 0 | F8: 0 | G8: 0 | H8: 0 | I8: 0 | J8: 2 | K8: 2 | L8: 0 | M8: 0 | N8: 1 | O8: 0 | P8: 0 | Q8: =(E8-(F8+G8+H8))+(F8*2)+(G8*3)+(H8*4) -> 0 | R8: =C8+K8+M8+N8+O8+P8 -> 8 | T8: 2 | U8: 1 | V8: 0 | W8: 0 | X8: 0 | Y8: 0 | Z8: 1 | AA8: 0 | AB8: 0 | AC8: 0 | AD8: 0 | AE8: 0 | AF8: 1 | AG8: 0 | AH8: =(V8-(W8+X8+Y8))+(W8*2)+(X8*3)+(Y8*4) -> 0 | AI8: =T8+AB8+AD8+AE8+AF8+AG8 -> 3
A9: Luis Rodriguez | B9: 2 | C9: 2 | D9: 1 | E9: 1 | F9: 0 | G9: 0 | H9: 0 | I9: 1 | J9: 0 | K9: 2 | L9: 0 | M9: 1 | N9: 0 | O9: 0 | P9: 0 | Q9: =(E9-(F9+G9+H9))+(F9*2)+(G9*3)+(H9*4) -> 1 | R9: =C9+K9+M9+N9+O9+P9 -> 5 | T9: 2 | U9: 0 | V9: 1 | W9: 0 | X9: 0 | Y9: 0 | Z9: 0 | AA9: 2 | AB9: 1 | AC9: 0 | AD9: 0 | AE9: 0 | AF9: 0 | AG9: 0 | AH9: =(V9-(W9+X9+Y9))+(W9*2)+(X9*3)+(Y9*4) -> 1 | AI9: =T9+AB9+AD9+AE9+AF9+AG9 -> 3
A10: Luis Martinez | B10: 3 | C10: 5 | D10: 2 | E10: 0 | F10: 0 | G10: 0 | H10: 0 | I10: 0 | J10: 1 | K10: 0 | L10: 1 | M10: 0 | N10: 1 | O10: 1 | P10: 0 | Q10: =(E10-(F10+G10+H10))+(F10*2)+(G10*3)+(H10*4) -> 0 | R10: =C10+K10+M10+N10+O10+P10 -> 7 | T10: 5 | U10: 3 | V10: 2 | W10: 0 | X10: 0 | Y10: 1 | Z10: 1 | AA10: 1 | AB10: 2 | AC10: 1 | AD10: 1 | AE10: 1 | AF10: 0 | AG10: 0 | AH10: =(V10-(W10+X10+Y10))+(W10*2)+(X10*3)+(Y10*4) -> 5 | AI10: =T10+AB10+AD10+AE10+AF10+AG10 -> 9
A11: Luis Hernandez | B11: 4 | C11: 4 | D11: 1 | E11: 1 | F11: 0 | G11: 0 | H11: 0 | I11: 2 | J11: 1 | K11: 0 | L11: 1 | M11: 1 | N11: 0 | O11: 0 | P11: 0 | Q11: =(E11-(F11+G11+H11))+(F11*2)+(G11*3)+(H11*4) -> 1 | R11: =C11+K11+M11+N11+O11+P11 -> 5 | T11: 5 | U11: 4 | V11: 1 | W11: 1 | X11: 0 | Y11: 0 | Z11: 0 | AA11: 2 | AB11: 1 | AC11: 1 | AD11: 1 | AE11: 0 | AF11: 1 | AG11: 0 | AH11: =(V11-(W11+X11+Y11))+(W11*2)+(X11*3)+(Y11*4) -> 2 | AI11: =T11+AB11+AD11+AE11+AF11+AG11 -> 8
A12: Luis Lopez | B12: 5 | C12: 3 | D12: 1 | E12: 0 | F12: 0 | G12: 0 | H12: 0 | I12: 1 | J12: 0 | K12: 2 | L12: 1 | M12: 0 | N12: 0 | O12: 1 | P12: 0 | Q12: =(E12-(F12+G12+H12))+(F12*2)+(G12*3)+(H12*4) -> 0 | R12: =C12+K12+M12+N12+O12+P12 -> 6 | T12: 2 | U12: 2 | V12: 1 | W12: 0 | X12: 0 | Y12: 0 | Z12: 1 | AA12: 1 | AB12: 0 | AC12: 0 | AD12: 0 | AE12: 0 | AF12: 0 | AG12: 0 | AH12: =(V12-(W12+X12+Y12))+(W12*2)+(X12*3)+(Y12*4) -> 1 | AI12: =T12+AB12+AD12+AE12+AF12+AG12 -> 2
A13: Luis Gonzalez | B13: 6 | C13: 2 | D13: 0 | E13: 2 | F13: 1 | G13: 0 | H13: 0 | I13: 3 | J13: 1 | K13: 2 | L13: 1 | M13: 0 | N13: 1 | O13: 1 | P13: 0 | Q13: =(E13-(F13+G13+H13))+(F13*2)+(G13*3)+(H13*4) -> 3 | R13: =C13+K13+M13+N13+O13+P13 -> 6 | T13: 4 | U13: 4 | V13: 3 | W13: 0 | X13: 0 | Y13: 0 | Z13: 0 | AA13: 1 | AB13: 1 | AC13: 1 | AD13: 1 | AE13: 1 | AF13: 0 | AG13: 0 | AH13: =(V13-(W13+X13+Y13))+(W13*2)+(X13*3)+(Y13*4) -> 3 | AI13: =T13+AB13+AD13+AE13+AF13+AG13 -> 7
A14: Luis Perez | B14: 7 | C14: 4 | D14: 0 | E14: 3 | F14: 0 | G14: 0 | H14: 0 | I14: 0 | J14: 1 | K14: 1 | L14: 1 | M14: 1 | N14: 1 | O14: 0 | P14: 0 | Q14: =(E14-(F14+G14+H14))+(F14*2)+(G14*3)+(H14*4) -> 3 | R14: =C14+K14+M14+N14+O14+P14 -> 7 | T14: 5 | U14: 4 | V14: 5 | W14: 0 | X14: 0 | Y14: 0 | Z14: 2 | AA14: 0 | AB14: 0 | AC14: 1 | AD14: 1 | AE14: 0 | AF14: 1 | AG14: 0 | AH14: =(V14-(W14+X14+Y14))+(W14*2)+(X14*3)+(Y14*4) -> 5 | AI14: =T14+AB14+AD14+AE14+AF14+AG14 -> 7
A15: Luis Sanchez | B15: 8 | C15: 4 | D15: 4 | E15: 2 | F15: 0 | G15: 0 | H15: 0 | I15: 2 | J15: 2 | K15: 1 | L15: 0 | M15: 1 | N15: 0 | O15: 0 | P15: 0 | Q15: =(E15-(F15+G15+H15))+(F15*2)+(G15*3)+(H15*4) -> 2 | R15: =C15+K15+M15+N15+O15+P15 -> 6 | T15: 4 | U15: 4 | V15: 4 | W15: 0 | X15: 0 | Y15: 0 | Z15: 4 | AA15: 2 | AB15: 2 | AC15: 0 | AD15: 0 | AE15: 1 | AF15: 1 | AG15: 0 | AH15: =(V15-(W15+X15+Y15))+(W15*2)+(X15*3)+(Y15*4) -> 4 | AI15: =T15+AB15+AD15+AE15+AF15+AG15 -> 8
A16: Luis Ramirez | B16: 9 | C16: 3 | D16: 0 | E16: 2 | F16: 0 | G16: 0 | H16: 0 | I16: 2 | J16: 1 | K16: 2 | L16: 1 | M16: 0 | N16: 1 | O16: 0 | P16: 0 | Q16: =(E16-(F16+G16+H16))+(F16*2)+(G16*3)+(H16*4) -> 2 | R16: =C16+K16+M16+N16+O16+P16 -> 6 | T16: 2 | U16: 1 | V16: 2 | W16: 0 | X16: 0 | Y16: 0 | Z16: 3 | AA16: 2 | AB16: 2 | AC16: 0 | AD16: 0 | AE16: 0 | AF16: 0 | AG16: 0 | AH16: =(V16-(W16+X16+Y16))+(W16*2)+(X16*3)+(Y16*4) -> 2 | AI16: =T16+AB16+AD16+AE16+AF16+AG16 -> 4
A17: Luis Torres | B17: 10 | C17: 5 | D17: 4 | E17: 2 | F17: 0 | G17: 0 | H17: 0 | I17: 3 | J17: 0 | K17: 1 | L17: 0 | M17: 1 | N17: 1 | O17: 0 | P17: 0 | Q17: =(E17-(F17+G17+H17))+(F17*2)+(G17*3)+(H17*4) -> 2 | R17: =C17+K17+M17+N17+O17+P17 -> 8 | T17: 2 | U17: 2 | V17: 1 | W17: 0 | X17: 0 | Y17: 0 | Z17: 2 | AA17: 1 | AB17: 2 | AC17: 1 | AD17: 0 | AE17: 0 | AF17: 1 | AG17: 0 | AH17: =(V17-(W17+X17+Y17))+(W17*2)+(X17*3)+(Y17*4) -> 1 | AI17: =T17+AB17+AD17+AE17+AF17+AG17 -> 5
A18: Luis Flores | B18: 11 | C18: 5 | D18: 5 | E18: 2 | F18: 0 | G18: 0 | H18: 0 | I18: 0 | J18: 2 | K18: 1 | L18: 1 | M18: 1 | N18: 0 | O18: 0 | P18: 0 | Q18: =(E18-(F18+G18+H18))+(F18*2)+(G18*3)+(H18*4) -> 2 | R18: =C18+K18+M18+N18+O18+P18 -> 7 | T18: 2 | U18: 2 | V18: 0 | W18: 0 | X18: 0 | Y18: 0 | Z18: 0 | AA18: 2 | AB18: 0 | AC18: 1 | AD18: 0 | AE18: 1 | AF18: 1 | AG18: 0 | AH18: =(V18-(W18+X18+Y18))+(W18*2)+(X18*3)+(Y18*4) -> 0 | AI18: =T18+AB18+AD18+AE18+AF18+AG18 -> 4
A19: Luis Rivera | B19: 12 | C19: 2 | D19: 0 | E19: 1 | F19: 0 | G19: 0 | H19: 0 | I19: 0 | J19: 2 | K19: 2 | L19: 1 | M19: 0 | N19: 1 | O19: 1 | P19: 0 | Q19: =(E19-(F19+G19+H19))+(F19*2)+(G19*3)+(H19*4) -> 1 | R19: =C19+K19+M19+N19+O19+P19 -> 6 | T19: 4 | U19: 1 | V19: 2 | W19: 0 | X19: 0 | Y19: 0 | Z19: 0 | AA19: 2 | AB19: 2 | AC19: 1 | AD19: 0 | AE19: 0 | AF19: 1 | AG19: 0 | AH19: =(V19-(W19+X19+Y19))+(W19*2)+(X19*3)+(Y19*4) -> 2 | AI19: =T19+AB19+AD19+AE19+AF19+AG19 -> 7
... A32: Carlos Lopez | B32: 25 | C32: 2 | D32: 1 | E32: 1 | F32: 0 | G32: 0 | H32: 0 | I32: 2 | J32: 1 | K32: 1 | L32: 0 | M32: 1 | N32: 1 | O32: 0 | P32: 0 | Q32: =(E32-(F32+G32+H32))+(F32*2)+(G32*3)+(H32*4) -> 1 | R32: =C32+K32+M32+N32+O32+P32 -> 5 | T32: 3 | U32: 1 | V32: 0 | W32: 0 | X32: 0 | Y32: 0 | Z32: 0 | AA32: 1 | AB32: 1 | AC32: 1 | AD32: 1 | AE32: 1 | AF32: 0 | AG32: 0 | AH32: =(V32-(W32+X32+Y32))+(W32*2)+(X32*3)+(Y32*4) -> 0 | AI32: =T32+AB32+AD32+AE32+AF32+AG32 -> 6
A33: TOTALES : | C33: =SUM(C8:C32) -> 92 | D33: =SUM(D8:D32) -> 48 | E33: =SUM(E8:E32) -> 39 | F33: =SUM(F8:F32) -> 2 | G33: =SUM(G8:G32) -> 2 | H33: =SUM(H8:H32) -> 0 | I33: =SUM(I8:I32) -> 29 | J33: =SUM(J8:J32) -> 26 | ... R33: =SUM(R8:R32) -> 159 | T33: =SUM(T8:T32) -> 87 | U33: =SUM(U8:U32) -> 54 | V33: =SUM(V8:V32) -> 49 | W33: =SUM(W8:W32) -> 1 | X33: =SUM(X8:X32) -> 1 | Y33: =SUM(Y8:Y32) -> 1 | Z33: =SUM(Z8:Z32) -> 41 | AA33: =SUM(AA8:AA32) -> 34 | ... AI33: =SUM(AI8:AI32) -> 153 | AK33: =SUM(AK8:AK32) -> 0 | AL33: =SUM(AL8:AL32) -> 0 | AM33: =SUM(AM8:AM32) -> 0 | AN33: =SUM(AN8:AN32) -> 0 | AO33: =SUM(AO8:AO32) -> 0 | AP33: =SUM(AP8:AP32) -> 0 | AQ33: =SUM(AQ8:AQ32) -> 0 | AR33: =SUM(AR8:AR32) -> 0 | ... AZ33: =SUM(AZ8:AZ32) -> 0 | BB33: =SUM(BB8:BB32) -> 0 | BC33: =SUM(BC8:BC32) -> 0 | BD33: =SUM(BD8:BD32) -> 0 | BE33: =SUM(BE8:BE32) -> 0 | BF33: =SUM(BF8:BF32) -> 0 | BG33: =SUM(BG8:BG32) -> 0 | BH33: =SUM(BH8:BH32) -> 0 | BI33: =SUM(BI8:BI32) -> 0 | ... BQ33: =SUM(BQ8:BQ32) -> 0 | BS33: =SUM(BS8:BS32) -> 0 | BT33: =SUM(BT8:BT32) -> 0 | BU33: =SUM(BU8:BU32) -> 0 | BV33: =SUM(BV8:BV32) -> 0 | BW33: =SUM(BW8:BW32) -> 0 | BX33: =SUM(BX8:BX32) -> 0 | BY33: =SUM(BY8:BY32) -> 0 | BZ33: =SUM(BZ8:BZ32) -> 0 | ... CH33: =SUM(CH8:CH32) -> 0 | CJ33: =SUM(CJ8:CJ32) -> 0 | CK33: =SUM(CK8:CK32) -> 0 | CL33: =SUM(CL8:CL32) -> 0 | CM33: =SUM(CM8:CM32) -> 0 | CN33: =SUM(CN8:CN32) -> 0 | CO33: =SUM(CO8:CO32) -> 0 | CP33: =SUM(CP8:CP32) -> 0 | CQ33: =SUM(CQ8:CQ32) -> 0 | ... CY33: =SUM(CY8:CY32) -> 0 | DA33: =SUM(DA8:DA32) -> 0 | DB33: =SUM(DB8:DB32) -> 0 | DC33: =SUM(DC8:DC32) -> 0 | DD33: =SUM(DD8:DD32) -> 0 | DE33: =SUM(DE8:DE32) -> 0 | DF33: =SUM(DF8:DF32) -> 0 | DG33: =SUM(DG8:DG32) -> 0 | DH33: =SUM(DH8:DH32) -> 0 | ... DP33: =SUM(DP8:DP32) -> 0 | DR33: =SUM(DR8:DR32) -> 0 | DS33: =SUM(DS8:DS32) -> 0 | DT33: =SUM(DT8:DT32) -> 0 | DU33: =SUM(DU8:DU32) -> 0 | DV33: =SUM(DV8:DV32) -> 0 | DW33: =SUM(DW8:DW32) -> 0 | DX33: =SUM(DX8:DX32) -> 0 | DY33: =SUM(DY8:DY32) -> 0 | ... EG33: =SUM(EG8:EG32) -> 0 | EI33: =SUM(EI8:EI32) -> 0 | EJ33: =SUM(EJ8:EJ32) -> 0 | EK33: =SUM(EK8:EK32) -> 0 | EL33: =SUM(EL8:EL32) -> 0 | EM33: =SUM(EM8:EM32) -> 0 | EN33: =SUM(EN8:EN32) -> 0 | EO33: =SUM(EO8:EO32) -> 0 | EP33: =SUM(EP8:EP32) -> 0 | ... EX33: =SUM(EX8:EX32) -> 0 | EZ33: =SUM(EZ8:EZ32) -> 0 | FA33: =SUM(FA8:FA32) -> 0 | FB33: =SUM(FB8:FB32) -> 0 | FC33: =SUM(FC8:FC32) -> 0 | FD33: =SUM(FD8:FD32) -> 0 | FE33: =SUM(FE8:FE32) -> 0 | FF33: =SUM(FF8:FF32) -> 0 | FG33: =SUM(FG8:FG32) -> 0 | ... FO33: =SUM(FO8:FO32) -> 0 | FQ33: =SUM(FQ8:FQ32) -> 0 | FR33: =SUM(FR8:FR32) -> 0 | FS33: =SUM(FS8:FS32) -> 0 | FT33: =SUM(FT8:FT32) -> 0 | FU33: =SUM(FU8:FU32) -> 0 | FV33: =SUM(FV8:FV32) -> 0 | FW33: =SUM(FW8:FW32) -> 0 | FX33: =SUM(FX8:FX32) -> 0 | ... GF33: =SUM(GF8:GF32) -> 0 | GH33: =SUM(GH8:GH32) -> 0 | GI33: =SUM(GI8:GI32) -> 0 | GJ33: =SUM(GJ8:GJ32) -> 0 | GK33: =SUM(GK8:GK32) -> 0 | GL33: =SUM(GL8:GL32) -> 0 | GM33: =SUM(GM8:GM32) -> 0 | GN33: =SUM(GN8:GN32) -> 0 | GO33: =SUM(GO8:GO32) -> 0 | ... GW33: =SUM(GW8:GW32) -> 0 | GY33: =SUM(GY8:GY32) -> 0 | GZ33: =SUM(GZ8:GZ32) -> 0 | HA33: =SUM(HA8:HA32) -> 0 | HB33: =SUM(HB8:HB32) -> 0 | HC33: =SUM(HC8:HC32) -> 0 | HD33: =SUM(HD8:HD32) -> 0 | HE33: =SUM(HE8:HE32) -> 0 | HF33: =SUM(HF8:HF32) -> 0 | ... HN33: =SUM(HN8:HN32) -> 0 | HP33: =SUM(HP8:HP32) -> 0 | HQ33: =SUM(HQ8:HQ32) -> 0 | HR33: =SUM(HR8:HR32) -> 0 | HS33: =SUM(HS8:HS32) -> 0 | HT33: =SUM(HT8:HT32) -> 0 | HU33: =SUM(HU8:HU32) -> 0 | HV33: =SUM(HV8:HV32) -> 0 | HW33: =SUM(HW8:HW32) -> 0 | ... IE33: =SUM(IE8:IE32) -> 0 | IG33: =SUM(IG8:IG32) -> 0 | IH33: =SUM(IH8:IH32) -> 0 | II33: =SUM(II8:II32) -> 0 | IJ33: =SUM(IJ8:IJ32) -> 0 | IK33: =SUM(IK8:IK32) -> 0 | IL33: =SUM(IL8:IL32) -> 0 | IM33: =SUM(IM8:IM32) -> 0 | IN33: =SUM(IN8:IN32) -> 0 | ... IV33: =SUM(IV8:IV32) -> 0
A35: LIDERES INDIVIDUAL
A36: NOMBRE | B36: No | C36: VB | D36: CA | E36: H | F36: 2B | G36: 3B | H36: HR | I36: CI | J36: K | K36: BB | L36: BR | M36: GP | N36: SH | O36: SF | P36: INT | Q36: BAL | R36: AL | T36: AV | U36: SLG
A37: =IF(A8="","",A8) -> Luis Garcia | B37: =IF(B8="","",B8) -> 1 | C37: =C8+T8+AK8+BB8+BS8+CJ8+DA8+DR8+EI8+EZ8+FQ8+GH8+GY8+HP8+IG8 -> 7 | D37: =D8+U8+AL8+BC8+BT8+CK8+DB8+DS8+EJ8+FA8+FR8+GI8+GZ8+HQ8+IH8 -> 5 | E37: =E8+V8+AM8+BD8+BU8+CL8+DC8+DT8+EK8+FB8+FS8+GJ8+HA8+HR8+II8 -> 0 | F37: =F8+W8+AN8+BE8+BV8+CM8+DD8+DU8+EL8+FC8+FT8+GK8+HB8+HS8+IJ8 -> 0 | G37: =G8+X8+AO8+BF8+BW8+CN8+DE8+DV8+EM8+FD8+FU8+GL8+HC8+HT8+IK8 -> 0 | H37: =H8+Y8+AP8+BG8+BX8+CO8+DF8+DW8+EN8+FE8+FV8+GM8+HD8+HU8+IL8 -> 0 | I37: =I8+Z8+AQ8+BH8+BY8+CP8+DG8+DX8+EO8+FF8+FW8+GN8+HE8+HV8+IM8 -> 1 | J37: =J8+AA8+AR8+BI8+BZ8+CQ8+DH8+DY8+EP8+FG8+FX8+GO8+HF8+HW8+IN8 -> 2 | ... R37: =R8+AI8+AZ8+BQ8+CH8+CY8+DP8+EG8+EX8+FO8+GF8+GW8+HN8+IE8+IV8 -> 11 | T37: =IFERROR(E37/C37,0) -> 0 | U37: =IFERROR(Q37/C37,0) -> 0
A38: =IF(A9="","",A9) -> Luis Rodriguez | B38: =IF(B9="","",B9) -> 2 | C38: =C9+T9+AK9+BB9+BS9+CJ9+DA9+DR9+EI9+EZ9+FQ9+GH9+GY9+HP9+IG9 -> 4 | D38: =D9+U9+AL9+BC9+BT9+CK9+DB9+DS9+EJ9+FA9+FR9+GI9+GZ9+HQ9+IH9 -> 1 | E38: =E9+V9+AM9+BD9+BU9+CL9+DC9+DT9+EK9+FB9+FS9+GJ9+HA9+HR9+II9 -> 2 | F38: =F9+W9+AN9+BE9+BV9+CM9+DD9+DU9+EL9+FC9+FT9+GK9+HB9+HS9+IJ9 -> 0 | G38: =G9+X9+AO9+BF9+BW9+CN9+DE9+DV9+EM9+FD9+FU9+GL9+HC9+HT9+IK9 -> 0 | H38: =H9+Y9+AP9+BG9+BX9+CO9+DF9+DW9+EN9+FE9+FV9+GM9+HD9+HU9+IL9 -> 0 | I38: =I9+Z9+AQ9+BH9+BY9+CP9+DG9+DX9+EO9+FF9+FW9+GN9+HE9+HV9+IM9 -> 1 | J38: =J9+AA9+AR9+BI9+BZ9+CQ9+DH9+DY9+EP9+FG9+FX9+GO9+HF9+HW9+IN9 -> 2 | ... R38: =R9+AI9+AZ9+BQ9+CH9+CY9+DP9+EG9+EX9+FO9+GF9+GW9+HN9+IE9+IV9 -> 8 | T38: =IFERROR(E38/C38,0) -> 0.5 | U38: =IFERROR(Q38/C38,0) -> 0.5
A39: =IF(A10="","",A10) -> Luis Martinez | B39: =IF(B10="","",B10) -> 3 | C39: =C10+T10+AK10+BB10+BS10+CJ10+DA10+DR10+EI10+EZ10+FQ10+GH10+GY10+HP10+IG10 -> 10 | D39: =D10+U10+AL10+BC10+BT10+CK10+DB10+DS10+EJ10+FA10+FR10+GI10+GZ10+HQ10+IH10 -> 5 | E39: =E10+V10+AM10+BD10+BU10+CL10+DC10+DT10+EK10+FB10+FS10+GJ10+HA10+HR10+II10 -> 2 | F39: =F10+W10+AN10+BE10+BV10+CM10+DD10+DU10+EL10+FC10+FT10+GK10+HB10+HS10+IJ10 -> 0 | G39: =G10+X10+AO10+BF10+BW10+CN10+DE10+DV10+EM10+FD10+FU10+GL10+HC10+HT10+IK10 -> 0 | H39: =H10+Y10+AP10+BG10+BX10+CO10+DF10+DW10+EN10+FE10+FV10+GM10+HD10+HU10+IL10 -> 1 | I39: =I10+Z10+AQ10+BH10+BY10+CP10+DG10+DX10+EO10+FF10+FW10+GN10+HE10+HV10+IM10 -> 1 | J39: =J10+AA10+AR10+BI10+BZ10+CQ10+DH10+DY10+EP10+FG10+FX10+GO10+HF10+HW10+IN10 -> 2 | ... R39: =R10+AI10+AZ10+BQ10+CH10+CY10+DP10+EG10+EX10+FO10+GF10+GW10+HN10+IE10+IV10 -> 16 | T39: =IFERROR(E39/C39,0) -> 0.2 | U39: =IFERROR(Q39/C39,0) -> 0.5
A40: =IF(A11="","",A11) -> Luis Hernandez | B40: =IF(B11="","",B11) -> 4 | C40: =C11+T11+AK11+BB11+BS11+CJ11+DA11+DR11+EI11+EZ11+FQ11+GH11+GY11+HP11+IG11 -> 9 | D40: =D11+U11+AL11+BC11+BT11+CK11+DB11+DS11+EJ11+FA11+FR11+GI11+GZ11+HQ11+IH11 -> 5 | E40: =E11+V11+AM11+BD11+BU11+CL11+DC11+DT11+EK11+FB11+FS11+GJ11+HA11+HR11+II11 -> 2 | F40: =F11+W11+AN11+BE11+BV11+CM11+DD11+DU11+EL11+FC11+FT11+GK11+HB11+HS11+IJ11 -> 1 | G40: =G11+X11+AO11+BF11+BW11+CN11+DE11+DV11+EM11+FD11+FU11+GL11+HC11+HT11+IK11 -> 0 | H40: =H11+Y11+AP11+BG11+BX11+CO11+DF11+DW11+EN11+FE11+FV11+GM11+HD11+HU11+IL11 -> 0 | I40: =I11+Z11+AQ11+BH11+BY11+CP11+DG11+DX11+EO11+FF11+FW11+GN11+HE11+HV11+IM11 -> 2 | J40: =J11+AA11+AR11+BI11+BZ11+CQ11+DH11+DY11+EP11+FG11+FX11+GO11+HF11+HW11+IN11 -> 3 | ... R40: =R11+AI11+AZ11+BQ11+CH11+CY11+DP11+EG11+EX11+FO11+GF11+GW11+HN11+IE11+IV11 -> 13 | T40: =IFERROR(E40/C40,0) -> 0.22222222 | U40: =IFERROR(Q40/C40,0) -> 0.33333333
A41: =IF(A12="","",A12) -> Luis Lopez | B41: =IF(B12="","",B12) -> 5 | C41: =C12+T12+AK12+BB12+BS12+CJ12+DA12+DR12+EI12+EZ12+FQ12+GH12+GY12+HP12+IG12 -> 5 | D41: =D12+U12+AL12+BC12+BT12+CK12+DB12+DS12+EJ12+FA12+FR12+GI12+GZ12+HQ12+IH12 -> 3 | E41: =E12+V12+AM12+BD12+BU12+CL12+DC12+DT12+EK12+FB12+FS12+GJ12+HA12+HR12+II12 -> 1 | F41: =F12+W12+AN12+BE12+BV12+CM12+DD12+DU12+EL12+FC12+FT12+GK12+HB12+HS12+IJ12 -> 0 | G41: =G12+X12+AO12+BF12+BW12+CN12+DE12+DV12+EM12+FD12+FU12+GL12+HC12+HT12+IK12 -> 0 | H41: =H12+Y12+AP12+BG12+BX12+CO12+DF12+DW12+EN12+FE12+FV12+GM12+HD12+HU12+IL12 -> 0 | I41: =I12+Z12+AQ12+BH12+BY12+CP12+DG12+DX12+EO12+FF12+FW12+GN12+HE12+HV12+IM12 -> 2 | J41: =J12+AA12+AR12+BI12+BZ12+CQ12+DH12+DY12+EP12+FG12+FX12+GO12+HF12+HW12+IN12 -> 1 | ... R41: =R12+AI12+AZ12+BQ12+CH12+CY12+DP12+EG12+EX12+FO12+GF12+GW12+HN12+IE12+IV12 -> 8 | T41: =IFERROR(E41/C41,0) -> 0.2 | U41: =IFERROR(Q41/C41,0) -> 0.2
A42: =IF(A13="","",A13) -> Luis Gonzalez | B42: =IF(B13="","",B13) -> 6 | C42: =C13+T13+AK13+BB13+BS13+CJ13+DA13+DR13+EI13+EZ13+FQ13+GH13+GY13+HP13+IG13 -> 6 | D42: =D13+U13+AL13+BC13+BT13+CK13+DB13+DS13+EJ13+FA13+FR13+GI13+GZ13+HQ13+IH13 -> 4 | E42: =E13+V13+AM13+BD13+BU13+CL13+DC13+DT13+EK13+FB13+FS13+GJ13+HA13+HR13+II13 -> 5 | F42: =F13+W13+AN13+BE13+BV13+CM13+DD13+DU13+EL13+FC13+FT13+GK13+HB13+HS13+IJ13 -> 1 | G42: =G13+X13+AO13+BF13+BW13+CN13+DE13+DV13+EM13+FD13+FU13+GL13+HC13+HT13+IK13 -> 0 | H42: =H13+Y13+AP13+BG13+BX13+CO13+DF13+DW13+EN13+FE13+FV13+GM13+HD13+HU13+IL13 -> 0 | I42: =I13+Z13+AQ13+BH13+BY13+CP13+DG13+DX13+EO13+FF13+FW13+GN13+HE13+HV13+IM13 -> 3 | J42: =J13+AA13+AR13+BI13+BZ13+CQ13+DH13+DY13+EP13+FG13+FX13+GO13+HF13+HW13+IN13 -> 2 | ... R42: =R13+AI13+AZ13+BQ13+CH13+CY13+DP13+EG13+EX13+FO13+GF13+GW13+HN13+IE13+IV13 -> 13 | T42: =IFERROR(E42/C42,0) -> 0.83333333 | U42: =IFERROR(Q42/C42,0) -> 1
A43: =IF(A14="","",A14) -> Luis Perez | B43: =IF(B14="","",B14) -> 7 | C43: =C14+T14+AK14+BB14+BS14+CJ14+DA14+DR14+EI14+EZ14+FQ14+GH14+GY14+HP14+IG14 -> 9 | D43: =D14+U14+AL14+BC14+BT14+CK14+DB14+DS14+EJ14+FA14+FR14+GI14+GZ14+HQ14+IH14 -> 4 | E43: =E14+V14+AM14+BD14+BU14+CL14+DC14+DT14+EK14+FB14+FS14+GJ14+HA14+HR14+II14 -> 8 | F43: =F14+W14+AN14+BE14+BV14+CM14+DD14+DU14+EL14+FC14+FT14+GK14+HB14+HS14+IJ14 -> 0 | G43: =G14+X14+AO14+BF14+BW14+CN14+DE14+DV14+EM14+FD14+FU14+GL14+HC14+HT14+IK14 -> 0 | H43: =H14+Y14+AP14+BG14+BX14+CO14+DF14+DW14+EN14+FE14+FV14+GM14+HD14+HU14+IL14 -> 0 | I43: =I14+Z14+AQ14+BH14+BY14+CP14+DG14+DX14+EO14+FF14+FW14+GN14+HE14+HV14+IM14 -> 2 | J43: =J14+AA14+AR14+BI14+BZ14+CQ14+DH14+DY14+EP14+FG14+FX14+GO14+HF14+HW14+IN14 -> 1 | ... R43: =R14+AI14+AZ14+BQ14+CH14+CY14+DP14+EG14+EX14+FO14+GF14+GW14+HN14+IE14+IV14 -> 14 | T43: =IFERROR(E43/C43,0) -> 0.88888889 | U43: =IFERROR(Q43/C43,0) -> 0.88888889
A44: =IF(A15="","",A15) -> Luis Sanchez | B44: =IF(B15="","",B15) -> 8 | C44: =C15+T15+AK15+BB15+BS15+CJ15+DA15+DR15+EI15+EZ15+FQ15+GH15+GY15+HP15+IG15 -> 8 | D44: =D15+U15+AL15+BC15+BT15+CK15+DB15+DS15+EJ15+FA15+FR15+GI15+GZ15+HQ15+IH15 -> 8 | E44: =E15+V15+AM15+BD15+BU15+CL15+DC15+DT15+EK15+FB15+FS15+GJ15+HA15+HR15+II15 -> 6 | F44: =F15+W15+AN15+BE15+BV15+CM15+DD15+DU15+EL15+FC15+FT15+GK15+HB15+HS15+IJ15 -> 0 | G44: =G15+X15+AO15+BF15+BW15+CN15+DE15+DV15+EM15+FD15+FU15+GL15+HC15+HT15+IK15 -> 0 | H44: =H15+Y15+AP15+BG15+BX15+CO15+DF15+DW15+EN15+FE15+FV15+GM15+HD15+HU15+IL15 -> 0 | I44: =I15+Z15+AQ15+BH15+BY15+CP15+DG15+DX15+EO15+FF15+FW15+GN15+HE15+HV15+IM15 -> 6 | J44: =J15+AA15+AR15+BI15+BZ15+CQ15+DH15+DY15+EP15+FG15+FX15+GO15+HF15+HW15+IN15 -> 4 | ... R44: =R15+AI15+AZ15+BQ15+CH15+CY15+DP15+EG15+EX15+FO15+GF15+GW15+HN15+IE15+IV15 -> 14 | T44: =IFERROR(E44/C44,0) -> 0.75 | U44: =IFERROR(Q44/C44,0) -> 0.75
A45: =IF(A16="","",A16) -> Luis Ramirez | B45: =IF(B16="","",B16) -> 9 | C45: =C16+T16+AK16+BB16+BS16+CJ16+DA16+DR16+EI16+EZ16+FQ16+GH16+GY16+HP16+IG16 -> 5 | D45: =D16+U16+AL16+BC16+BT16+CK16+DB16+DS16+EJ16+FA16+FR16+GI16+GZ16+HQ16+IH16 -> 1 | E45: =E16+V16+AM16+BD16+BU16+CL16+DC16+DT16+EK16+FB16+FS16+GJ16+HA16+HR16+II16 -> 4 | F45: =F16+W16+AN16+BE16+BV16+CM16+DD16+DU16+EL16+FC16+FT16+GK16+HB16+HS16+IJ16 -> 0 | G45: =G16+X16+AO16+BF16+BW16+CN16+DE16+DV16+EM16+FD16+FU16+GL16+HC16+HT16+IK16 -> 0 | H45: =H16+Y16+AP16+BG16+BX16+CO16+DF16+DW16+EN16+FE16+FV16+GM16+HD16+HU16+IL16 -> 0 | I45: =I16+Z16+AQ16+BH16+BY16+CP16+DG16+DX16+EO16+FF16+FW16+GN16+HE16+HV16+IM16 -> 5 | J45: =J16+AA16+AR16+BI16+BZ16+CQ16+DH16+DY16+EP16+FG16+FX16+GO16+HF16+HW16+IN16 -> 3 | ... R45: =R16+AI16+AZ16+BQ16+CH16+CY16+DP16+EG16+EX16+FO16+GF16+GW16+HN16+IE16+IV16 -> 10 | T45: =IFERROR(E45/C45,0) -> 0.8 | U45: =IFERROR(Q45/C45,0) -> 0.8
A46: =IF(A17="","",A17) -> Luis Torres | B46: =IF(B17="","",B17) -> 10 | C46: =C17+T17+AK17+BB17+BS17+CJ17+DA17+DR17+EI17+EZ17+FQ17+GH17+GY17+HP17+IG17 -> 7 | D46: =D17+U17+AL17+BC17+BT17+CK17+DB17+DS17+EJ17+FA17+FR17+GI17+GZ17+HQ17+IH17 -> 6 | E46: =E17+V17+AM17+BD17+BU17+CL17+DC17+DT17+EK17+FB17+FS17+GJ17+HA17+HR17+II17 -> 3 | F46: =F17+W17+AN17+BE17+BV17+CM17+DD17+DU17+EL17+FC17+FT17+GK17+HB17+HS17+IJ17 -> 0 | G46: =G17+X17+AO17+BF17+BW17+CN17+DE17+DV17+EM17+FD17+FU17+GL17+HC17+HT17+IK17 -> 0 | H46: =H17+Y17+AP17+BG17+BX17+CO17+DF17+DW17+EN17+FE17+FV17+GM17+HD17+HU17+IL17 -> 0 | I46: =I17+Z17+AQ17+BH17+BY17+CP17+DG17+DX17+EO17+FF17+FW17+GN17+HE17+HV17+IM17 -> 5 | J46: =J17+AA17+AR17+BI17+BZ17+CQ17+DH17+DY17+EP17+FG17+FX17+GO17+HF17+HW17+IN17 -> 1 | ... R46: =R17+AI17+AZ17+BQ17+CH17+CY17+DP17+EG17+EX17+FO17+GF17+GW17+HN17+IE17+IV17 -> 13 | T46: =IFERROR(E46/C46,0) -> 0.42857143 | U46: =IFERROR(Q46/C46,0) -> 0.42857143
A47: =IF(A18="","",A18) -> Luis Flores | B47: =IF(B18="","",B18) -> 11 | C47: =C18+T18+AK18+BB18+BS18+CJ18+DA18+DR18+EI18+EZ18+FQ18+GH18+GY18+HP18+IG18 -> 7 | D47: =D18+U18+AL18+BC18+BT18+CK18+DB18+DS18+EJ18+FA18+FR18+GI18+GZ18+HQ18+IH18 -> 7 | E47: =E18+V18+AM18+BD18+BU18+CL18+DC18+DT18+EK18+FB18+FS18+GJ18+HA18+HR18+II18 -> 2 | F47: =F18+W18+AN18+BE18+BV18+CM18+DD18+DU18+EL18+FC18+FT18+GK18+HB18+HS18+IJ18 -> 0 | G47: =G18+X18+AO18+BF18+BW18+CN18+DE18+DV18+EM18+FD18+FU18+GL18+HC18+HT18+IK18 -> 0 | H47: =H18+Y18+AP18+BG18+BX18+CO18+DF18+DW18+EN18+FE18+FV18+GM18+HD18+HU18+IL18 -> 0 | I47: =I18+Z18+AQ18+BH18+BY18+CP18+DG18+DX18+EO18+FF18+FW18+GN18+HE18+HV18+IM18 -> 0 | J47: =J18+AA18+AR18+BI18+BZ18+CQ18+DH18+DY18+EP18+FG18+FX18+GO18+HF18+HW18+IN18 -> 4 | ... R47: =R18+AI18+AZ18+BQ18+CH18+CY18+DP18+EG18+EX18+FO18+GF18+GW18+HN18+IE18+IV18 -> 11 | T47: =IFERROR(E47/C47,0) -> 0.28571429 | U47: =IFERROR(Q47/C47,0) -> 0.28571429
A48: =IF(A19="","",A19) -> Luis Rivera | B48: =IF(B19="","",B19) -> 12 | C48: =C19+T19+AK19+BB19+BS19+CJ19+DA19+DR19+EI19+EZ19+FQ19+GH19+GY19+HP19+IG19 -> 6 | D48: =D19+U19+AL19+BC19+BT19+CK19+DB19+DS19+EJ19+FA19+FR19+GI19+GZ19+HQ19+IH19 -> 1 | E48: =E19+V19+AM19+BD19+BU19+CL19+DC19+DT19+EK19+FB19+FS19+GJ19+HA19+HR19+II19 -> 3 | F48: =F19+W19+AN19+BE19+BV19+CM19+DD19+DU19+EL19+FC19+FT19+GK19+HB19+HS19+IJ19 -> 0 | G48: =G19+X19+AO19+BF19+BW19+CN19+DE19+DV19+EM19+FD19+FU19+GL19+HC19+HT19+IK19 -> 0 | H48: =H19+Y19+AP19+BG19+BX19+CO19+DF19+DW19+EN19+FE19+FV19+GM19+HD19+HU19+IL19 -> 0 | I48: =I19+Z19+AQ19+BH19+BY19+CP19+DG19+DX19+EO19+FF19+FW19+GN19+HE19+HV19+IM19 -> 0 | J48: =J19+AA19+AR19+BI19+BZ19+CQ19+DH19+DY19+EP19+FG19+FX19+GO19+HF19+HW19+IN19 -> 4 | ... R48: =R19+AI19+AZ19+BQ19+CH19+CY19+DP19+EG19+EX19+FO19+GF19+GW19+HN19+IE19+IV19 -> 13 | T48: =IFERROR(E48/C48,0) -> 0.5 | U48: =IFERROR(Q48/C48,0) -> 0.5
... A61: =IF(A32="","",A32) -> Carlos Lopez | B61: =IF(B32="","",B32) -> 25 | C61: =C32+T32+AK32+BB32+BS32+CJ32+DA32+DR32+EI32+EZ32+FQ32+GH32+GY32+HP32+IG32 -> 5 | D61: =D32+U32+AL32+BC32+BT32+CK32+DB32+DS32+EJ32+FA32+FR32+GI32+GZ32+HQ32+IH32 -> 2 | E61: =E32+V32+AM32+BD32+BU32+CL32+DC32+DT32+EK32+FB32+FS32+GJ32+HA32+HR32+II32 -> 1 | F61: =F32+W32+AN32+BE32+BV32+CM32+DD32+DU32+EL32+FC32+FT32+GK32+HB32+HS32+IJ32 -> 0 | G61: =G32+X32+AO32+BF32+BW32+CN32+DE32+DV32+EM32+FD32+FU32+GL32+HC32+HT32+IK32 -> 0 | H61: =H32+Y32+AP32+BG32+BX32+CO32+DF32+DW32+EN32+FE32+FV32+GM32+HD32+HU32+IL32 -> 0 | I61: =I32+Z32+AQ32+BH32+BY32+CP32+DG32+DX32+EO32+FF32+FW32+GN32+HE32+HV32+IM32 -> 2 | J61: =J32+AA32+AR32+BI32+BZ32+CQ32+DH32+DY32+EP32+FG32+FX32+GO32+HF32+HW32+IN32 -> 2 | ... R61: =R32+AI32+AZ32+BQ32+CH32+CY32+DP32+EG32+EX32+FO32+GF32+GW32+HN32+IE32+IV32 -> 11 | T61: =IFERROR(E61/C61,0) -> 0.2 | U61: =IFERROR(Q61/C61,0) -> 0.2
A62: TOTALES : | C62: =SUM(C37:C61) -> 179 | D62: =SUM(D37:D61) -> 102 | E62: =SUM(E37:E61) -> 88 | F62: =SUM(F37:F61) -> 3 | G62: =SUM(G37:G61) -> 3 | H62: =SUM(H37:H61) -> 1 | I62: =SUM(I37:I61) -> 70 | J62: =SUM(J37:J61) -> 60 | ... R62: =SUM(R37:R61) -> 312 | T62: =IFERROR(E62/C62,0) -> 0.49162011 | U62: =IFERROR(Q62/C62,0) -> 0.55865922
A64: L A N Z A D O R E S
A65: NOMBRE | B65: No | C65: P? | D65: G/P/S | E65: INN | F65: CL | G65: K | H65: H | I65: P? | J65: G/P/S | K65: INN | L65: CL | M65: K | N65: H | O65: P? | P65: G/P/S | Q65: INN | R65: CL | S65: K | T65: H | U65: P? | V65: G/P/S | W65: INN | X65: CL | Y65: K | Z65: H | AA65: P? | AB65: G/P/S | AC65: INN | AD65: CL | AE65: K | AF65: H | AG65: P? | AH65: G/P/S | AI65: INN | AJ65: CL | AK65: K | AL65: H | AM65: P? | AN65: G/P/S | AO65: INN | AP65: CL | AQ65: K | AR65: H | AS65: P? | AT65: G/P/S | AU65: INN | AV65: CL | AW65: K | AX65: H | AY65: P? | AZ65: G/P/S | BA65: INN | BB65: CL | BC65: K | BD65: H | BE65: P? | BF65: G/P/S | BG65: INN | BH65: CL | BI65: K | BJ65: H | BK65: P? | BL65: G/P/S | BM65: INN | BN65: CL | BO65: K | BP65: H | BQ65: P? | BR65: G/P/S | BS65: INN | BT65: CL | BU65: K | BV65: H | BW65: P? | BX65: G/P/S | BY65: INN | BZ65: CL | CA65: K | CB65: H | CC65: P? | CD65: G/P/S | CE65: INN | CF65: CL | CG65: K | CH65: H | CI65: P? | CJ65: G/P/S | CK65: INN | CL65: CL | CM65: K | CN65: H | CP65: JJ | CQ65: JG | CR65: JP | CS65: OUTS | CT65: INN | CU65: CL | CV65: K | CW65: H | CX65: PCL | CY65: SV
A66: =IF(A8="","",A8) -> Luis Garcia | B66: =IF(B8="","",B8) -> 1 | C66: 0 | I66: 1 | J66: P | K66: 1 | L66: 4 | M66: 6 | N66: 0 | CP66: =C66+I66+O66+U66+AA66+AG66+AM66+AS66+AY66+BE66+BK66+BQ66+BW66+CC66+CI66 -> 1 | CQ66: =COUNTIF(D66,"G")+COUNTIF(J66,"G")+COUNTIF(P66,"G")+COUNTIF(V66,"G")+COUNTIF(AB66,"G")+COUNTIF(AH66,"G")+COUNTIF(AN66,"G")+COUNTIF(AT66,"G")+COUNTIF(AZ66,"G")+COUNTIF(BF66,"G")+COUNTIF(BL66,"G")+COUNTIF(BR66,"G")+COUNTIF(BX66,"G")+COUNTIF(CD66,"G")+COUNTIF(CJ66,"G") -> 0 | CR66: =COUNTIF(D66,"P")+COUNTIF(J66,"P")+COUNTIF(P66,"P")+COUNTIF(V66,"P")+COUNTIF(AB66,"P")+COUNTIF(AH66,"P")+COUNTIF(AN66,"P")+COUNTIF(AT66,"P")+COUNTIF(AZ66,"P")+COUNTIF(BF66,"P")+COUNTIF(BL66,"P")+COUNTIF(BR66,"P")+COUNTIF(BX66,"P")+COUNTIF(CD66,"P")+COUNTIF(CJ66,"P") -> 1 | CS66: =(INT(E66)*3+(E66-INT(E66))*10)+(INT(K66)*3+(K66-INT(K66))*10)+(INT(Q66)*3+(Q66-INT(Q66))*10)+(INT(W66)*3+(W66-INT(W66))*10)+(INT(AC66)*3+(AC66-INT(AC66))*10)+(INT(AI66)*3+(AI66-INT(AI66))*10)+(INT(AO66)*3+(AO66-INT(AO66))*10)+(INT(AU66)*3+(AU66-INT(AU66))*10)+(INT(BA66)*3+(BA66-INT(BA66))*10)+(INT(BG66)*3+(BG66-INT(BG66))*10)+(INT(BM66)*3+(BM66-INT(BM66))*10)+(INT(BS66)*3+(BS66-INT(BS66))*10)+(INT(BY66)*3+(BY66-INT(BY66))*10)+(INT(CE66)*3+(CE66-INT(CE66))*10)+(INT(CK66)*3+(CK66-INT(CK66))*10) -> 3 | CT66: =INT(CS66/3)+MOD(CS66,3)/10 -> 1 | CU66: =F66+L66+R66+X66+AD66+AJ66+AP66+AV66+BB66+BH66+BN66+BT66+BZ66+CF66+CL66 -> 4 | CV66: =G66+M66+S66+Y66+AE66+AK66+AQ66+AW66+BC66+BI66+BO66+BU66+CA66+CG66+CM66 -> 6 | CW66: =H66+N66+T66+Z66+AF66+AL66+AR66+AX66+BD66+BJ66+BP66+BV66+CB66+CH66+CN66 -> 0 | CX66: =IFERROR(CU66*27/CS66,0) -> 36 | CY66: =COUNTIF(D66,"S")+COUNTIF(J66,"S")+COUNTIF(P66,"S")+COUNTIF(V66,"S")+COUNTIF(AB66,"S")+COUNTIF(AH66,"S")+COUNTIF(AN66,"S")+COUNTIF(AT66,"S")+COUNTIF(AZ66,"S")+COUNTIF(BF66,"S")+COUNTIF(BL66,"S")+COUNTIF(BR66,"S")+COUNTIF(BX66,"S")+COUNTIF(CD66,"S")+COUNTIF(CJ66,"S") -> 0
A67: =IF(A9="","",A9) -> Luis Rodriguez | B67: =IF(B9="","",B9) -> 2 | C67: 1 | D67: P | E67: 3 | F67: 0 | G67: 5 | H67: 1 | I67: 0 | CP67: =C67+I67+O67+U67+AA67+AG67+AM67+AS67+AY67+BE67+BK67+BQ67+BW67+CC67+CI67 -> 1 | CQ67: =COUNTIF(D67,"G")+COUNTIF(J67,"G")+COUNTIF(P67,"G")+COUNTIF(V67,"G")+COUNTIF(AB67,"G")+COUNTIF(AH67,"G")+COUNTIF(AN67,"G")+COUNTIF(AT67,"G")+COUNTIF(AZ67,"G")+COUNTIF(BF67,"G")+COUNTIF(BL67,"G")+COUNTIF(BR67,"G")+COUNTIF(BX67,"G")+COUNTIF(CD67,"G")+COUNTIF(CJ67,"G") -> 0 | CR67: =COUNTIF(D67,"P")+COUNTIF(J67,"P")+COUNTIF(P67,"P")+COUNTIF(V67,"P")+COUNTIF(AB67,"P")+COUNTIF(AH67,"P")+COUNTIF(AN67,"P")+COUNTIF(AT67,"P")+COUNTIF(AZ67,"P")+COUNTIF(BF67,"P")+COUNTIF(BL67,"P")+COUNTIF(BR67,"P")+COUNTIF(BX67,"P")+COUNTIF(CD67,"P")+COUNTIF(CJ67,"P") -> 1 | CS67: =(INT(E67)*3+(E67-INT(E67))*10)+(INT(K67)*3+(K67-INT(K67))*10)+(INT(Q67)*3+(Q67-INT(Q67))*10)+(INT(W67)*3+(W67-INT(W67))*10)+(INT(AC67)*3+(AC67-INT(AC67))*10)+(INT(AI67)*3+(AI67-INT(AI67))*10)+(INT(AO67)*3+(AO67-INT(AO67))*10)+(INT(AU67)*3+(AU67-INT(AU67))*10)+(INT(BA67)*3+(BA67-INT(BA67))*10)+(INT(BG67)*3+(BG67-INT(BG67))*10)+(INT(BM67)*3+(BM67-INT(BM67))*10)+(INT(BS67)*3+(BS67-INT(BS67))*10)+(INT(BY67)*3+(BY67-INT(BY67))*10)+(INT(CE67)*3+(CE67-INT(CE67))*10)+(INT(CK67)*3+(CK67-INT(CK67))*10) -> 9 | CT67: =INT(CS67/3)+MOD(CS67,3)/10 -> 3 | CU67: =F67+L67+R67+X67+AD67+AJ67+AP67+AV67+BB67+BH67+BN67+BT67+BZ67+CF67+CL67 -> 0 | CV67: =G67+M67+S67+Y67+AE67+AK67+AQ67+AW67+BC67+BI67+BO67+BU67+CA67+CG67+CM67 -> 5 | CW67: =H67+N67+T67+Z67+AF67+AL67+AR67+AX67+BD67+BJ67+BP67+BV67+CB67+CH67+CN67 -> 1 | CX67: =IFERROR(CU67*27/CS67,0) -> 0 | CY67: =COUNTIF(D67,"S")+COUNTIF(J67,"S")+COUNTIF(P67,"S")+COUNTIF(V67,"S")+COUNTIF(AB67,"S")+COUNTIF(AH67,"S")+COUNTIF(AN67,"S")+COUNTIF(AT67,"S")+COUNTIF(AZ67,"S")+COUNTIF(BF67,"S")+COUNTIF(BL67,"S")+COUNTIF(BR67,"S")+COUNTIF(BX67,"S")+COUNTIF(CD67,"S")+COUNTIF(CJ67,"S") -> 0
A68: =IF(A10="","",A10) -> Luis Martinez | B68: =IF(B10="","",B10) -> 3 | C68: 0 | I68: 1 | J68: G | K68: 2.1 | L68: 0 | M68: 4 | N68: 3 | CP68: =C68+I68+O68+U68+AA68+AG68+AM68+AS68+AY68+BE68+BK68+BQ68+BW68+CC68+CI68 -> 1 | CQ68: =COUNTIF(D68,"G")+COUNTIF(J68,"G")+COUNTIF(P68,"G")+COUNTIF(V68,"G")+COUNTIF(AB68,"G")+COUNTIF(AH68,"G")+COUNTIF(AN68,"G")+COUNTIF(AT68,"G")+COUNTIF(AZ68,"G")+COUNTIF(BF68,"G")+COUNTIF(BL68,"G")+COUNTIF(BR68,"G")+COUNTIF(BX68,"G")+COUNTIF(CD68,"G")+COUNTIF(CJ68,"G") -> 1 | CR68: =COUNTIF(D68,"P")+COUNTIF(J68,"P")+COUNTIF(P68,"P")+COUNTIF(V68,"P")+COUNTIF(AB68,"P")+COUNTIF(AH68,"P")+COUNTIF(AN68,"P")+COUNTIF(AT68,"P")+COUNTIF(AZ68,"P")+COUNTIF(BF68,"P")+COUNTIF(BL68,"P")+COUNTIF(BR68,"P")+COUNTIF(BX68,"P")+COUNTIF(CD68,"P")+COUNTIF(CJ68,"P") -> 0 | CS68: =(INT(E68)*3+(E68-INT(E68))*10)+(INT(K68)*3+(K68-INT(K68))*10)+(INT(Q68)*3+(Q68-INT(Q68))*10)+(INT(W68)*3+(W68-INT(W68))*10)+(INT(AC68)*3+(AC68-INT(AC68))*10)+(INT(AI68)*3+(AI68-INT(AI68))*10)+(INT(AO68)*3+(AO68-INT(AO68))*10)+(INT(AU68)*3+(AU68-INT(AU68))*10)+(INT(BA68)*3+(BA68-INT(BA68))*10)+(INT(BG68)*3+(BG68-INT(BG68))*10)+(INT(BM68)*3+(BM68-INT(BM68))*10)+(INT(BS68)*3+(BS68-INT(BS68))*10)+(INT(BY68)*3+(BY68-INT(BY68))*10)+(INT(CE68)*3+(CE68-INT(CE68))*10)+(INT(CK68)*3+(CK68-INT(CK68))*10) -> 7 | CT68: =INT(CS68/3)+MOD(CS68,3)/10 -> 2.1 | CU68: =F68+L68+R68+X68+AD68+AJ68+AP68+AV68+BB68+BH68+BN68+BT68+BZ68+CF68+CL68 -> 0 | CV68: =G68+M68+S68+Y68+AE68+AK68+AQ68+AW68+BC68+BI68+BO68+BU68+CA68+CG68+CM68 -> 4 | CW68: =H68+N68+T68+Z68+AF68+AL68+AR68+AX68+BD68+BJ68+BP68+BV68+CB68+CH68+CN68 -> 3 | CX68: =IFERROR(CU68*27/CS68,0) -> 0 | CY68: =COUNTIF(D68,"S")+COUNTIF(J68,"S")+COUNTIF(P68,"S")+COUNTIF(V68,"S")+COUNTIF(AB68,"S")+COUNTIF(AH68,"S")+COUNTIF(AN68,"S")+COUNTIF(AT68,"S")+COUNTIF(AZ68,"S")+COUNTIF(BF68,"S")+COUNTIF(BL68,"S")+COUNTIF(BR68,"S")+COUNTIF(BX68,"S")+COUNTIF(CD68,"S")+COUNTIF(CJ68,"S") -> 0
A69: =IF(A11="","",A11) -> Luis Hernandez | B69: =IF(B11="","",B11) -> 4 | C69: 0 | I69: 0 | CP69: =C69+I69+O69+U69+AA69+AG69+AM69+AS69+AY69+BE69+BK69+BQ69+BW69+CC69+CI69 -> 0 | CQ69: =COUNTIF(D69,"G")+COUNTIF(J69,"G")+COUNTIF(P69,"G")+COUNTIF(V69,"G")+COUNTIF(AB69,"G")+COUNTIF(AH69,"G")+COUNTIF(AN69,"G")+COUNTIF(AT69,"G")+COUNTIF(AZ69,"G")+COUNTIF(BF69,"G")+COUNTIF(BL69,"G")+COUNTIF(BR69,"G")+COUNTIF(BX69,"G")+COUNTIF(CD69,"G")+COUNTIF(CJ69,"G") -> 0 | CR69: =COUNTIF(D69,"P")+COUNTIF(J69,"P")+COUNTIF(P69,"P")+COUNTIF(V69,"P")+COUNTIF(AB69,"P")+COUNTIF(AH69,"P")+COUNTIF(AN69,"P")+COUNTIF(AT69,"P")+COUNTIF(AZ69,"P")+COUNTIF(BF69,"P")+COUNTIF(BL69,"P")+COUNTIF(BR69,"P")+COUNTIF(BX69,"P")+COUNTIF(CD69,"P")+COUNTIF(CJ69,"P") -> 0 | CS69: =(INT(E69)*3+(E69-INT(E69))*10)+(INT(K69)*3+(K69-INT(K69))*10)+(INT(Q69)*3+(Q69-INT(Q69))*10)+(INT(W69)*3+(W69-INT(W69))*10)+(INT(AC69)*3+(AC69-INT(AC69))*10)+(INT(AI69)*3+(AI69-INT(AI69))*10)+(INT(AO69)*3+(AO69-INT(AO69))*10)+(INT(AU69)*3+(AU69-INT(AU69))*10)+(INT(BA69)*3+(BA69-INT(BA69))*10)+(INT(BG69)*3+(BG69-INT(BG69))*10)+(INT(BM69)*3+(BM69-INT(BM69))*10)+(INT(BS69)*3+(BS69-INT(BS69))*10)+(INT(BY69)*3+(BY69-INT(BY69))*10)+(INT(CE69)*3+(CE69-INT(CE69))*10)+(INT(CK69)*3+(CK69-INT(CK69))*10) -> 0 | CT69: =INT(CS69/3)+MOD(CS69,3)/10 -> 0 | CU69: =F69+L69+R69+X69+AD69+AJ69+AP69+AV69+BB69+BH69+BN69+BT69+BZ69+CF69+CL69 -> 0 | CV69: =G69+M69+S69+Y69+AE69+AK69+AQ69+AW69+BC69+BI69+BO69+BU69+CA69+CG69+CM69 -> 0 | CW69: =H69+N69+T69+Z69+AF69+AL69+AR69+AX69+BD69+BJ69+BP69+BV69+CB69+CH69+CN69 -> 0 | CX69: =IFERROR(CU69*27/CS69,0) -> 0 | CY69: =COUNTIF(D69,"S")+COUNTIF(J69,"S")+COUNTIF(P69,"S")+COUNTIF(V69,"S")+COUNTIF(AB69,"S")+COUNTIF(AH69,"S")+COUNTIF(AN69,"S")+COUNTIF(AT69,"S")+COUNTIF(AZ69,"S")+COUNTIF(BF69,"S")+COUNTIF(BL69,"S")+COUNTIF(BR69,"S")+COUNTIF(BX69,"S")+COUNTIF(CD69,"S")+COUNTIF(CJ69,"S") -> 0
A70: =IF(A12="","",A12) -> Luis Lopez | B70: =IF(B12="","",B12) -> 5 | C70: 0 | I70: 1 | J70: P | K70: 1.1 | L70: 0 | M70: 6 | N70: 5 | CP70: =C70+I70+O70+U70+AA70+AG70+AM70+AS70+AY70+BE70+BK70+BQ70+BW70+CC70+CI70 -> 1 | CQ70: =COUNTIF(D70,"G")+COUNTIF(J70,"G")+COUNTIF(P70,"G")+COUNTIF(V70,"G")+COUNTIF(AB70,"G")+COUNTIF(AH70,"G")+COUNTIF(AN70,"G")+COUNTIF(AT70,"G")+COUNTIF(AZ70,"G")+COUNTIF(BF70,"G")+COUNTIF(BL70,"G")+COUNTIF(BR70,"G")+COUNTIF(BX70,"G")+COUNTIF(CD70,"G")+COUNTIF(CJ70,"G") -> 0 | CR70: =COUNTIF(D70,"P")+COUNTIF(J70,"P")+COUNTIF(P70,"P")+COUNTIF(V70,"P")+COUNTIF(AB70,"P")+COUNTIF(AH70,"P")+COUNTIF(AN70,"P")+COUNTIF(AT70,"P")+COUNTIF(AZ70,"P")+COUNTIF(BF70,"P")+COUNTIF(BL70,"P")+COUNTIF(BR70,"P")+COUNTIF(BX70,"P")+COUNTIF(CD70,"P")+COUNTIF(CJ70,"P") -> 1 | CS70: =(INT(E70)*3+(E70-INT(E70))*10)+(INT(K70)*3+(K70-INT(K70))*10)+(INT(Q70)*3+(Q70-INT(Q70))*10)+(INT(W70)*3+(W70-INT(W70))*10)+(INT(AC70)*3+(AC70-INT(AC70))*10)+(INT(AI70)*3+(AI70-INT(AI70))*10)+(INT(AO70)*3+(AO70-INT(AO70))*10)+(INT(AU70)*3+(AU70-INT(AU70))*10)+(INT(BA70)*3+(BA70-INT(BA70))*10)+(INT(BG70)*3+(BG70-INT(BG70))*10)+(INT(BM70)*3+(BM70-INT(BM70))*10)+(INT(BS70)*3+(BS70-INT(BS70))*10)+(INT(BY70)*3+(BY70-INT(BY70))*10)+(INT(CE70)*3+(CE70-INT(CE70))*10)+(INT(CK70)*3+(CK70-INT(CK70))*10) -> 4 | CT70: =INT(CS70/3)+MOD(CS70,3)/10 -> 1.1 | CU70: =F70+L70+R70+X70+AD70+AJ70+AP70+AV70+BB70+BH70+BN70+BT70+BZ70+CF70+CL70 -> 0 | CV70: =G70+M70+S70+Y70+AE70+AK70+AQ70+AW70+BC70+BI70+BO70+BU70+CA70+CG70+CM70 -> 6 | CW70: =H70+N70+T70+Z70+AF70+AL70+AR70+AX70+BD70+BJ70+BP70+BV70+CB70+CH70+CN70 -> 5 | CX70: =IFERROR(CU70*27/CS70,0) -> 0 | CY70: =COUNTIF(D70,"S")+COUNTIF(J70,"S")+COUNTIF(P70,"S")+COUNTIF(V70,"S")+COUNTIF(AB70,"S")+COUNTIF(AH70,"S")+COUNTIF(AN70,"S")+COUNTIF(AT70,"S")+COUNTIF(AZ70,"S")+COUNTIF(BF70,"S")+COUNTIF(BL70,"S")+COUNTIF(BR70,"S")+COUNTIF(BX70,"S")+COUNTIF(CD70,"S")+COUNTIF(CJ70,"S") -> 0
A71: =IF(A13="","",A13) -> Luis Gonzalez | B71: =IF(B13="","",B13) -> 6 | C71: 0 | I71: 1 | J71: P | K71: 2.2 | L71: 4 | M71: 4 | N71: 0 | CP71: =C71+I71+O71+U71+AA71+AG71+AM71+AS71+AY71+BE71+BK71+BQ71+BW71+CC71+CI71 -> 1 | CQ71: =COUNTIF(D71,"G")+COUNTIF(J71,"G")+COUNTIF(P71,"G")+COUNTIF(V71,"G")+COUNTIF(AB71,"G")+COUNTIF(AH71,"G")+COUNTIF(AN71,"G")+COUNTIF(AT71,"G")+COUNTIF(AZ71,"G")+COUNTIF(BF71,"G")+COUNTIF(BL71,"G")+COUNTIF(BR71,"G")+COUNTIF(BX71,"G")+COUNTIF(CD71,"G")+COUNTIF(CJ71,"G") -> 0 | CR71: =COUNTIF(D71,"P")+COUNTIF(J71,"P")+COUNTIF(P71,"P")+COUNTIF(V71,"P")+COUNTIF(AB71,"P")+COUNTIF(AH71,"P")+COUNTIF(AN71,"P")+COUNTIF(AT71,"P")+COUNTIF(AZ71,"P")+COUNTIF(BF71,"P")+COUNTIF(BL71,"P")+COUNTIF(BR71,"P")+COUNTIF(BX71,"P")+COUNTIF(CD71,"P")+COUNTIF(CJ71,"P") -> 1 | CS71: =(INT(E71)*3+(E71-INT(E71))*10)+(INT(K71)*3+(K71-INT(K71))*10)+(INT(Q71)*3+(Q71-INT(Q71))*10)+(INT(W71)*3+(W71-INT(W71))*10)+(INT(AC71)*3+(AC71-INT(AC71))*10)+(INT(AI71)*3+(AI71-INT(AI71))*10)+(INT(AO71)*3+(AO71-INT(AO71))*10)+(INT(AU71)*3+(AU71-INT(AU71))*10)+(INT(BA71)*3+(BA71-INT(BA71))*10)+(INT(BG71)*3+(BG71-INT(BG71))*10)+(INT(BM71)*3+(BM71-INT(BM71))*10)+(INT(BS71)*3+(BS71-INT(BS71))*10)+(INT(BY71)*3+(BY71-INT(BY71))*10)+(INT(CE71)*3+(CE71-INT(CE71))*10)+(INT(CK71)*3+(CK71-INT(CK71))*10) -> 8 | CT71: =INT(CS71/3)+MOD(CS71,3)/10 -> 2.2 | CU71: =F71+L71+R71+X71+AD71+AJ71+AP71+AV71+BB71+BH71+BN71+BT71+BZ71+CF71+CL71 -> 4 | CV71: =G71+M71+S71+Y71+AE71+AK71+AQ71+AW71+BC71+BI71+BO71+BU71+CA71+CG71+CM71 -> 4 | CW71: =H71+N71+T71+Z71+AF71+AL71+AR71+AX71+BD71+BJ71+BP71+BV71+CB71+CH71+CN71 -> 0 | CX71: =IFERROR(CU71*27/CS71,0) -> 13.5 | CY71: =COUNTIF(D71,"S")+COUNTIF(J71,"S")+COUNTIF(P71,"S")+COUNTIF(V71,"S")+COUNTIF(AB71,"S")+COUNTIF(AH71,"S")+COUNTIF(AN71,"S")+COUNTIF(AT71,"S")+COUNTIF(AZ71,"S")+COUNTIF(BF71,"S")+COUNTIF(BL71,"S")+COUNTIF(BR71,"S")+COUNTIF(BX71,"S")+COUNTIF(CD71,"S")+COUNTIF(CJ71,"S") -> 0
A72: =IF(A14="","",A14) -> Luis Perez | B72: =IF(B14="","",B14) -> 7 | C72: 0 | I72: 1 | J72: P | K72: 3 | L72: 3 | M72: 1 | N72: 1 | CP72: =C72+I72+O72+U72+AA72+AG72+AM72+AS72+AY72+BE72+BK72+BQ72+BW72+CC72+CI72 -> 1 | CQ72: =COUNTIF(D72,"G")+COUNTIF(J72,"G")+COUNTIF(P72,"G")+COUNTIF(V72,"G")+COUNTIF(AB72,"G")+COUNTIF(AH72,"G")+COUNTIF(AN72,"G")+COUNTIF(AT72,"G")+COUNTIF(AZ72,"G")+COUNTIF(BF72,"G")+COUNTIF(BL72,"G")+COUNTIF(BR72,"G")+COUNTIF(BX72,"G")+COUNTIF(CD72,"G")+COUNTIF(CJ72,"G") -> 0 | CR72: =COUNTIF(D72,"P")+COUNTIF(J72,"P")+COUNTIF(P72,"P")+COUNTIF(V72,"P")+COUNTIF(AB72,"P")+COUNTIF(AH72,"P")+COUNTIF(AN72,"P")+COUNTIF(AT72,"P")+COUNTIF(AZ72,"P")+COUNTIF(BF72,"P")+COUNTIF(BL72,"P")+COUNTIF(BR72,"P")+COUNTIF(BX72,"P")+COUNTIF(CD72,"P")+COUNTIF(CJ72,"P") -> 1 | CS72: =(INT(E72)*3+(E72-INT(E72))*10)+(INT(K72)*3+(K72-INT(K72))*10)+(INT(Q72)*3+(Q72-INT(Q72))*10)+(INT(W72)*3+(W72-INT(W72))*10)+(INT(AC72)*3+(AC72-INT(AC72))*10)+(INT(AI72)*3+(AI72-INT(AI72))*10)+(INT(AO72)*3+(AO72-INT(AO72))*10)+(INT(AU72)*3+(AU72-INT(AU72))*10)+(INT(BA72)*3+(BA72-INT(BA72))*10)+(INT(BG72)*3+(BG72-INT(BG72))*10)+(INT(BM72)*3+(BM72-INT(BM72))*10)+(INT(BS72)*3+(BS72-INT(BS72))*10)+(INT(BY72)*3+(BY72-INT(BY72))*10)+(INT(CE72)*3+(CE72-INT(CE72))*10)+(INT(CK72)*3+(CK72-INT(CK72))*10) -> 9 | CT72: =INT(CS72/3)+MOD(CS72,3)/10 -> 3 | CU72: =F72+L72+R72+X72+AD72+AJ72+AP72+AV72+BB72+BH72+BN72+BT72+BZ72+CF72+CL72 -> 3 | CV72: =G72+M72+S72+Y72+AE72+AK72+AQ72+AW72+BC72+BI72+BO72+BU72+CA72+CG72+CM72 -> 1 | CW72: =H72+N72+T72+Z72+AF72+AL72+AR72+AX72+BD72+BJ72+BP72+BV72+CB72+CH72+CN72 -> 1 | CX72: =IFERROR(CU72*27/CS72,0) -> 9 | CY72: =COUNTIF(D72,"S")+COUNTIF(J72,"S")+COUNTIF(P72,"S")+COUNTIF(V72,"S")+COUNTIF(AB72,"S")+COUNTIF(AH72,"S")+COUNTIF(AN72,"S")+COUNTIF(AT72,"S")+COUNTIF(AZ72,"S")+COUNTIF(BF72,"S")+COUNTIF(BL72,"S")+COUNTIF(BR72,"S")+COUNTIF(BX72,"S")+COUNTIF(CD72,"S")+COUNTIF(CJ72,"S") -> 0
A73: =IF(A15="","",A15) -> Luis Sanchez | B73: =IF(B15="","",B15) -> 8 | C73: 1 | D73: G | E73: 2 | F73: 0 | G73: 6 | H73: 0 | I73: 0 | CP73: =C73+I73+O73+U73+AA73+AG73+AM73+AS73+AY73+BE73+BK73+BQ73+BW73+CC73+CI73 -> 1 | CQ73: =COUNTIF(D73,"G")+COUNTIF(J73,"G")+COUNTIF(P73,"G")+COUNTIF(V73,"G")+COUNTIF(AB73,"G")+COUNTIF(AH73,"G")+COUNTIF(AN73,"G")+COUNTIF(AT73,"G")+COUNTIF(AZ73,"G")+COUNTIF(BF73,"G")+COUNTIF(BL73,"G")+COUNTIF(BR73,"G")+COUNTIF(BX73,"G")+COUNTIF(CD73,"G")+COUNTIF(CJ73,"G") -> 1 | CR73: =COUNTIF(D73,"P")+COUNTIF(J73,"P")+COUNTIF(P73,"P")+COUNTIF(V73,"P")+COUNTIF(AB73,"P")+COUNTIF(AH73,"P")+COUNTIF(AN73,"P")+COUNTIF(AT73,"P")+COUNTIF(AZ73,"P")+COUNTIF(BF73,"P")+COUNTIF(BL73,"P")+COUNTIF(BR73,"P")+COUNTIF(BX73,"P")+COUNTIF(CD73,"P")+COUNTIF(CJ73,"P") -> 0 | CS73: =(INT(E73)*3+(E73-INT(E73))*10)+(INT(K73)*3+(K73-INT(K73))*10)+(INT(Q73)*3+(Q73-INT(Q73))*10)+(INT(W73)*3+(W73-INT(W73))*10)+(INT(AC73)*3+(AC73-INT(AC73))*10)+(INT(AI73)*3+(AI73-INT(AI73))*10)+(INT(AO73)*3+(AO73-INT(AO73))*10)+(INT(AU73)*3+(AU73-INT(AU73))*10)+(INT(BA73)*3+(BA73-INT(BA73))*10)+(INT(BG73)*3+(BG73-INT(BG73))*10)+(INT(BM73)*3+(BM73-INT(BM73))*10)+(INT(BS73)*3+(BS73-INT(BS73))*10)+(INT(BY73)*3+(BY73-INT(BY73))*10)+(INT(CE73)*3+(CE73-INT(CE73))*10)+(INT(CK73)*3+(CK73-INT(CK73))*10) -> 6 | CT73: =INT(CS73/3)+MOD(CS73,3)/10 -> 2 | CU73: =F73+L73+R73+X73+AD73+AJ73+AP73+AV73+BB73+BH73+BN73+BT73+BZ73+CF73+CL73 -> 0 | CV73: =G73+M73+S73+Y73+AE73+AK73+AQ73+AW73+BC73+BI73+BO73+BU73+CA73+CG73+CM73 -> 6 | CW73: =H73+N73+T73+Z73+AF73+AL73+AR73+AX73+BD73+BJ73+BP73+BV73+CB73+CH73+CN73 -> 0 | CX73: =IFERROR(CU73*27/CS73,0) -> 0 | CY73: =COUNTIF(D73,"S")+COUNTIF(J73,"S")+COUNTIF(P73,"S")+COUNTIF(V73,"S")+COUNTIF(AB73,"S")+COUNTIF(AH73,"S")+COUNTIF(AN73,"S")+COUNTIF(AT73,"S")+COUNTIF(AZ73,"S")+COUNTIF(BF73,"S")+COUNTIF(BL73,"S")+COUNTIF(BR73,"S")+COUNTIF(BX73,"S")+COUNTIF(CD73,"S")+COUNTIF(CJ73,"S") -> 0
A74: =IF(A16="","",A16) -> Luis Ramirez | B74: =IF(B16="","",B16) -> 9 | C74: 0 | I74: 0 | CP74: =C74+I74+O74+U74+AA74+AG74+AM74+AS74+AY74+BE74+BK74+BQ74+BW74+CC74+CI74 -> 0 | CQ74: =COUNTIF(D74,"G")+COUNTIF(J74,"G")+COUNTIF(P74,"G")+COUNTIF(V74,"G")+COUNTIF(AB74,"G")+COUNTIF(AH74,"G")+COUNTIF(AN74,"G")+COUNTIF(AT74,"G")+COUNTIF(AZ74,"G")+COUNTIF(BF74,"G")+COUNTIF(BL74,"G")+COUNTIF(BR74,"G")+COUNTIF(BX74,"G")+COUNTIF(CD74,"G")+COUNTIF(CJ74,"G") -> 0 | CR74: =COUNTIF(D74,"P")+COUNTIF(J74,"P")+COUNTIF(P74,"P")+COUNTIF(V74,"P")+COUNTIF(AB74,"P")+COUNTIF(AH74,"P")+COUNTIF(AN74,"P")+COUNTIF(AT74,"P")+COUNTIF(AZ74,"P")+COUNTIF(BF74,"P")+COUNTIF(BL74,"P")+COUNTIF(BR74,"P")+COUNTIF(BX74,"P")+COUNTIF(CD74,"P")+COUNTIF(CJ74,"P") -> 0 | CS74: =(INT(E74)*3+(E74-INT(E74))*10)+(INT(K74)*3+(K74-INT(K74))*10)+(INT(Q74)*3+(Q74-INT(Q74))*10)+(INT(W74)*3+(W74-INT(W74))*10)+(INT(AC74)*3+(AC74-INT(AC74))*10)+(INT(AI74)*3+(AI74-INT(AI74))*10)+(INT(AO74)*3+(AO74-INT(AO74))*10)+(INT(AU74)*3+(AU74-INT(AU74))*10)+(INT(BA74)*3+(BA74-INT(BA74))*10)+(INT(BG74)*3+(BG74-INT(BG74))*10)+(INT(BM74)*3+(BM74-INT(BM74))*10)+(INT(BS74)*3+(BS74-INT(BS74))*10)+(INT(BY74)*3+(BY74-INT(BY74))*10)+(INT(CE74)*3+(CE74-INT(CE74))*10)+(INT(CK74)*3+(CK74-INT(CK74))*10) -> 0 | CT74: =INT(CS74/3)+MOD(CS74,3)/10 -> 0 | CU74: =F74+L74+R74+X74+AD74+AJ74+AP74+AV74+BB74+BH74+BN74+BT74+BZ74+CF74+CL74 -> 0 | CV74: =G74+M74+S74+Y74+AE74+AK74+AQ74+AW74+BC74+BI74+BO74+BU74+CA74+CG74+CM74 -> 0 | CW74: =H74+N74+T74+Z74+AF74+AL74+AR74+AX74+BD74+BJ74+BP74+BV74+CB74+CH74+CN74 -> 0 | CX74: =IFERROR(CU74*27/CS74,0) -> 0 | CY74: =COUNTIF(D74,"S")+COUNTIF(J74,"S")+COUNTIF(P74,"S")+COUNTIF(V74,"S")+COUNTIF(AB74,"S")+COUNTIF(AH74,"S")+COUNTIF(AN74,"S")+COUNTIF(AT74,"S")+COUNTIF(AZ74,"S")+COUNTIF(BF74,"S")+COUNTIF(BL74,"S")+COUNTIF(BR74,"S")+COUNTIF(BX74,"S")+COUNTIF(CD74,"S")+COUNTIF(CJ74,"S") -> 0
A75: =IF(A17="","",A17) -> Luis Torres | B75: =IF(B17="","",B17) -> 10 | C75: 0 | I75: 0 | CP75: =C75+I75+O75+U75+AA75+AG75+AM75+AS75+AY75+BE75+BK75+BQ75+BW75+CC75+CI75 -> 0 | CQ75: =COUNTIF(D75,"G")+COUNTIF(J75,"G")+COUNTIF(P75,"G")+COUNTIF(V75,"G")+COUNTIF(AB75,"G")+COUNTIF(AH75,"G")+COUNTIF(AN75,"G")+COUNTIF(AT75,"G")+COUNTIF(AZ75,"G")+COUNTIF(BF75,"G")+COUNTIF(BL75,"G")+COUNTIF(BR75,"G")+COUNTIF(BX75,"G")+COUNTIF(CD75,"G")+COUNTIF(CJ75,"G") -> 0 | CR75: =COUNTIF(D75,"P")+COUNTIF(J75,"P")+COUNTIF(P75,"P")+COUNTIF(V75,"P")+COUNTIF(AB75,"P")+COUNTIF(AH75,"P")+COUNTIF(AN75,"P")+COUNTIF(AT75,"P")+COUNTIF(AZ75,"P")+COUNTIF(BF75,"P")+COUNTIF(BL75,"P")+COUNTIF(BR75,"P")+COUNTIF(BX75,"P")+COUNTIF(CD75,"P")+COUNTIF(CJ75,"P") -> 0 | CS75: =(INT(E75)*3+(E75-INT(E75))*10)+(INT(K75)*3+(K75-INT(K75))*10)+(INT(Q75)*3+(Q75-INT(Q75))*10)+(INT(W75)*3+(W75-INT(W75))*10)+(INT(AC75)*3+(AC75-INT(AC75))*10)+(INT(AI75)*3+(AI75-INT(AI75))*10)+(INT(AO75)*3+(AO75-INT(AO75))*10)+(INT(AU75)*3+(AU75-INT(AU75))*10)+(INT(BA75)*3+(BA75-INT(BA75))*10)+(INT(BG75)*3+(BG75-INT(BG75))*10)+(INT(BM75)*3+(BM75-INT(BM75))*10)+(INT(BS75)*3+(BS75-INT(BS75))*10)+(INT(BY75)*3+(BY75-INT(BY75))*10)+(INT(CE75)*3+(CE75-INT(CE75))*10)+(INT(CK75)*3+(CK75-INT(CK75))*10) -> 0 | CT75: =INT(CS75/3)+MOD(CS75,3)/10 -> 0 | CU75: =F75+L75+R75+X75+AD75+AJ75+AP75+AV75+BB75+BH75+BN75+BT75+BZ75+CF75+CL75 -> 0 | CV75: =G75+M75+S75+Y75+AE75+AK75+AQ75+AW75+BC75+BI75+BO75+BU75+CA75+CG75+CM75 -> 0 | CW75: =H75+N75+T75+Z75+AF75+AL75+AR75+AX75+BD75+BJ75+BP75+BV75+CB75+CH75+CN75 -> 0 | CX75: =IFERROR(CU75*27/CS75,0) -> 0 | CY75: =COUNTIF(D75,"S")+COUNTIF(J75,"S")+COUNTIF(P75,"S")+COUNTIF(V75,"S")+COUNTIF(AB75,"S")+COUNTIF(AH75,"S")+COUNTIF(AN75,"S")+COUNTIF(AT75,"S")+COUNTIF(AZ75,"S")+COUNTIF(BF75,"S")+COUNTIF(BL75,"S")+COUNTIF(BR75,"S")+COUNTIF(BX75,"S")+COUNTIF(CD75,"S")+COUNTIF(CJ75,"S") -> 0
A76: =IF(A18="","",A18) -> Luis Flores | B76: =IF(B18="","",B18) -> 11 | C76: 0 | I76: 1 | J76: P | K76: 2 | L76: 2 | M76: 2 | N76: 2 | CP76: =C76+I76+O76+U76+AA76+AG76+AM76+AS76+AY76+BE76+BK76+BQ76+BW76+CC76+CI76 -> 1 | CQ76: =COUNTIF(D76,"G")+COUNTIF(J76,"G")+COUNTIF(P76,"G")+COUNTIF(V76,"G")+COUNTIF(AB76,"G")+COUNTIF(AH76,"G")+COUNTIF(AN76,"G")+COUNTIF(AT76,"G")+COUNTIF(AZ76,"G")+COUNTIF(BF76,"G")+COUNTIF(BL76,"G")+COUNTIF(BR76,"G")+COUNTIF(BX76,"G")+COUNTIF(CD76,"G")+COUNTIF(CJ76,"G") -> 0 | CR76: =COUNTIF(D76,"P")+COUNTIF(J76,"P")+COUNTIF(P76,"P")+COUNTIF(V76,"P")+COUNTIF(AB76,"P")+COUNTIF(AH76,"P")+COUNTIF(AN76,"P")+COUNTIF(AT76,"P")+COUNTIF(AZ76,"P")+COUNTIF(BF76,"P")+COUNTIF(BL76,"P")+COUNTIF(BR76,"P")+COUNTIF(BX76,"P")+COUNTIF(CD76,"P")+COUNTIF(CJ76,"P") -> 1 | CS76: =(INT(E76)*3+(E76-INT(E76))*10)+(INT(K76)*3+(K76-INT(K76))*10)+(INT(Q76)*3+(Q76-INT(Q76))*10)+(INT(W76)*3+(W76-INT(W76))*10)+(INT(AC76)*3+(AC76-INT(AC76))*10)+(INT(AI76)*3+(AI76-INT(AI76))*10)+(INT(AO76)*3+(AO76-INT(AO76))*10)+(INT(AU76)*3+(AU76-INT(AU76))*10)+(INT(BA76)*3+(BA76-INT(BA76))*10)+(INT(BG76)*3+(BG76-INT(BG76))*10)+(INT(BM76)*3+(BM76-INT(BM76))*10)+(INT(BS76)*3+(BS76-INT(BS76))*10)+(INT(BY76)*3+(BY76-INT(BY76))*10)+(INT(CE76)*3+(CE76-INT(CE76))*10)+(INT(CK76)*3+(CK76-INT(CK76))*10) -> 6 | CT76: =INT(CS76/3)+MOD(CS76,3)/10 -> 2 | CU76: =F76+L76+R76+X76+AD76+AJ76+AP76+AV76+BB76+BH76+BN76+BT76+BZ76+CF76+CL76 -> 2 | CV76: =G76+M76+S76+Y76+AE76+AK76+AQ76+AW76+BC76+BI76+BO76+BU76+CA76+CG76+CM76 -> 2 | CW76: =H76+N76+T76+Z76+AF76+AL76+AR76+AX76+BD76+BJ76+BP76+BV76+CB76+CH76+CN76 -> 2 | CX76: =IFERROR(CU76*27/CS76,0) -> 9 | CY76: =COUNTIF(D76,"S")+COUNTIF(J76,"S")+COUNTIF(P76,"S")+COUNTIF(V76,"S")+COUNTIF(AB76,"S")+COUNTIF(AH76,"S")+COUNTIF(AN76,"S")+COUNTIF(AT76,"S")+COUNTIF(AZ76,"S")+COUNTIF(BF76,"S")+COUNTIF(BL76,"S")+COUNTIF(BR76,"S")+COUNTIF(BX76,"S")+COUNTIF(CD76,"S")+COUNTIF(CJ76,"S") -> 0
A77: =IF(A19="","",A19) -> Luis Rivera | B77: =IF(B19="","",B19) -> 12 | C77: 1 | D77: G | E77: 1.2 | F77: 4 | G77: 4 | H77: 4 | I77: 1 | J77: P | K77: 3 | L77: 3 | M77: 5 | N77: 3 | CP77: =C77+I77+O77+U77+AA77+AG77+AM77+AS77+AY77+BE77+BK77+BQ77+BW77+CC77+CI77 -> 2 | CQ77: =COUNTIF(D77,"G")+COUNTIF(J77,"G")+COUNTIF(P77,"G")+COUNTIF(V77,"G")+COUNTIF(AB77,"G")+COUNTIF(AH77,"G")+COUNTIF(AN77,"G")+COUNTIF(AT77,"G")+COUNTIF(AZ77,"G")+COUNTIF(BF77,"G")+COUNTIF(BL77,"G")+COUNTIF(BR77,"G")+COUNTIF(BX77,"G")+COUNTIF(CD77,"G")+COUNTIF(CJ77,"G") -> 1 | CR77: =COUNTIF(D77,"P")+COUNTIF(J77,"P")+COUNTIF(P77,"P")+COUNTIF(V77,"P")+COUNTIF(AB77,"P")+COUNTIF(AH77,"P")+COUNTIF(AN77,"P")+COUNTIF(AT77,"P")+COUNTIF(AZ77,"P")+COUNTIF(BF77,"P")+COUNTIF(BL77,"P")+COUNTIF(BR77,"P")+COUNTIF(BX77,"P")+COUNTIF(CD77,"P")+COUNTIF(CJ77,"P") -> 1 | CS77: =(INT(E77)*3+(E77-INT(E77))*10)+(INT(K77)*3+(K77-INT(K77))*10)+(INT(Q77)*3+(Q77-INT(Q77))*10)+(INT(W77)*3+(W77-INT(W77))*10)+(INT(AC77)*3+(AC77-INT(AC77))*10)+(INT(AI77)*3+(AI77-INT(AI77))*10)+(INT(AO77)*3+(AO77-INT(AO77))*10)+(INT(AU77)*3+(AU77-INT(AU77))*10)+(INT(BA77)*3+(BA77-INT(BA77))*10)+(INT(BG77)*3+(BG77-INT(BG77))*10)+(INT(BM77)*3+(BM77-INT(BM77))*10)+(INT(BS77)*3+(BS77-INT(BS77))*10)+(INT(BY77)*3+(BY77-INT(BY77))*10)+(INT(CE77)*3+(CE77-INT(CE77))*10)+(INT(CK77)*3+(CK77-INT(CK77))*10) -> 14 | CT77: =INT(CS77/3)+MOD(CS77,3)/10 -> 4.2 | CU77: =F77+L77+R77+X77+AD77+AJ77+AP77+AV77+BB77+BH77+BN77+BT77+BZ77+CF77+CL77 -> 7 | CV77: =G77+M77+S77+Y77+AE77+AK77+AQ77+AW77+BC77+BI77+BO77+BU77+CA77+CG77+CM77 -> 9 | CW77: =H77+N77+T77+Z77+AF77+AL77+AR77+AX77+BD77+BJ77+BP77+BV77+CB77+CH77+CN77 -> 7 | CX77: =IFERROR(CU77*27/CS77,0) -> 13.5 | CY77: =COUNTIF(D77,"S")+COUNTIF(J77,"S")+COUNTIF(P77,"S")+COUNTIF(V77,"S")+COUNTIF(AB77,"S")+COUNTIF(AH77,"S")+COUNTIF(AN77,"S")+COUNTIF(AT77,"S")+COUNTIF(AZ77,"S")+COUNTIF(BF77,"S")+COUNTIF(BL77,"S")+COUNTIF(BR77,"S")+COUNTIF(BX77,"S")+COUNTIF(CD77,"S")+COUNTIF(CJ77,"S") -> 0
A78: =IF(A20="","",A20) -> Luis Gomez | B78: =IF(B20="","",B20) -> 13 | C78: 0 | I78: 1 | J78: P | K78: 1 | L78: 0 | M78: 2 | N78: 1 | CP78: =C78+I78+O78+U78+AA78+AG78+AM78+AS78+AY78+BE78+BK78+BQ78+BW78+CC78+CI78 -> 1 | CQ78: =COUNTIF(D78,"G")+COUNTIF(J78,"G")+COUNTIF(P78,"G")+COUNTIF(V78,"G")+COUNTIF(AB78,"G")+COUNTIF(AH78,"G")+COUNTIF(AN78,"G")+COUNTIF(AT78,"G")+COUNTIF(AZ78,"G")+COUNTIF(BF78,"G")+COUNTIF(BL78,"G")+COUNTIF(BR78,"G")+COUNTIF(BX78,"G")+COUNTIF(CD78,"G")+COUNTIF(CJ78,"G") -> 0 | CR78: =COUNTIF(D78,"P")+COUNTIF(J78,"P")+COUNTIF(P78,"P")+COUNTIF(V78,"P")+COUNTIF(AB78,"P")+COUNTIF(AH78,"P")+COUNTIF(AN78,"P")+COUNTIF(AT78,"P")+COUNTIF(AZ78,"P")+COUNTIF(BF78,"P")+COUNTIF(BL78,"P")+COUNTIF(BR78,"P")+COUNTIF(BX78,"P")+COUNTIF(CD78,"P")+COUNTIF(CJ78,"P") -> 1 | CS78: =(INT(E78)*3+(E78-INT(E78))*10)+(INT(K78)*3+(K78-INT(K78))*10)+(INT(Q78)*3+(Q78-INT(Q78))*10)+(INT(W78)*3+(W78-INT(W78))*10)+(INT(AC78)*3+(AC78-INT(AC78))*10)+(INT(AI78)*3+(AI78-INT(AI78))*10)+(INT(AO78)*3+(AO78-INT(AO78))*10)+(INT(AU78)*3+(AU78-INT(AU78))*10)+(INT(BA78)*3+(BA78-INT(BA78))*10)+(INT(BG78)*3+(BG78-INT(BG78))*10)+(INT(BM78)*3+(BM78-INT(BM78))*10)+(INT(BS78)*3+(BS78-INT(BS78))*10)+(INT(BY78)*3+(BY78-INT(BY78))*10)+(INT(CE78)*3+(CE78-INT(CE78))*10)+(INT(CK78)*3+(CK78-INT(CK78))*10) -> 3 | CT78: =INT(CS78/3)+MOD(CS78,3)/10 -> 1 | CU78: =F78+L78+R78+X78+AD78+AJ78+AP78+AV78+BB78+BH78+BN78+BT78+BZ78+CF78+CL78 -> 0 | CV78: =G78+M78+S78+Y78+AE78+AK78+AQ78+AW78+BC78+BI78+BO78+BU78+CA78+CG78+CM78 -> 2 | CW78: =H78+N78+T78+Z78+AF78+AL78+AR78+AX78+BD78+BJ78+BP78+BV78+CB78+CH78+CN78 -> 1 | CX78: =IFERROR(CU78*27/CS78,0) -> 0 | CY78: =COUNTIF(D78,"S")+COUNTIF(J78,"S")+COUNTIF(P78,"S")+COUNTIF(V78,"S")+COUNTIF(AB78,"S")+COUNTIF(AH78,"S")+COUNTIF(AN78,"S")+COUNTIF(AT78,"S")+COUNTIF(AZ78,"S")+COUNTIF(BF78,"S")+COUNTIF(BL78,"S")+COUNTIF(BR78,"S")+COUNTIF(BX78,"S")+COUNTIF(CD78,"S")+COUNTIF(CJ78,"S") -> 0
A79: =IF(A21="","",A21) -> Luis Diaz | B79: =IF(B21="","",B21) -> 14 | C79: 0 | I79: 0 | CP79: =C79+I79+O79+U79+AA79+AG79+AM79+AS79+AY79+BE79+BK79+BQ79+BW79+CC79+CI79 -> 0 | CQ79: =COUNTIF(D79,"G")+COUNTIF(J79,"G")+COUNTIF(P79,"G")+COUNTIF(V79,"G")+COUNTIF(AB79,"G")+COUNTIF(AH79,"G")+COUNTIF(AN79,"G")+COUNTIF(AT79,"G")+COUNTIF(AZ79,"G")+COUNTIF(BF79,"G")+COUNTIF(BL79,"G")+COUNTIF(BR79,"G")+COUNTIF(BX79,"G")+COUNTIF(CD79,"G")+COUNTIF(CJ79,"G") -> 0 | CR79: =COUNTIF(D79,"P")+COUNTIF(J79,"P")+COUNTIF(P79,"P")+COUNTIF(V79,"P")+COUNTIF(AB79,"P")+COUNTIF(AH79,"P")+COUNTIF(AN79,"P")+COUNTIF(AT79,"P")+COUNTIF(AZ79,"P")+COUNTIF(BF79,"P")+COUNTIF(BL79,"P")+COUNTIF(BR79,"P")+COUNTIF(BX79,"P")+COUNTIF(CD79,"P")+COUNTIF(CJ79,"P") -> 0 | CS79: =(INT(E79)*3+(E79-INT(E79))*10)+(INT(K79)*3+(K79-INT(K79))*10)+(INT(Q79)*3+(Q79-INT(Q79))*10)+(INT(W79)*3+(W79-INT(W79))*10)+(INT(AC79)*3+(AC79-INT(AC79))*10)+(INT(AI79)*3+(AI79-INT(AI79))*10)+(INT(AO79)*3+(AO79-INT(AO79))*10)+(INT(AU79)*3+(AU79-INT(AU79))*10)+(INT(BA79)*3+(BA79-INT(BA79))*10)+(INT(BG79)*3+(BG79-INT(BG79))*10)+(INT(BM79)*3+(BM79-INT(BM79))*10)+(INT(BS79)*3+(BS79-INT(BS79))*10)+(INT(BY79)*3+(BY79-INT(BY79))*10)+(INT(CE79)*3+(CE79-INT(CE79))*10)+(INT(CK79)*3+(CK79-INT(CK79))*10) -> 0 | CT79: =INT(CS79/3)+MOD(CS79,3)/10 -> 0 | CU79: =F79+L79+R79+X79+AD79+AJ79+AP79+AV79+BB79+BH79+BN79+BT79+BZ79+CF79+CL79 -> 0 | CV79: =G79+M79+S79+Y79+AE79+AK79+AQ79+AW79+BC79+BI79+BO79+BU79+CA79+CG79+CM79 -> 0 | CW79: =H79+N79+T79+Z79+AF79+AL79+AR79+AX79+BD79+BJ79+BP79+BV79+CB79+CH79+CN79 -> 0 | CX79: =IFERROR(CU79*27/CS79,0) -> 0 | CY79: =COUNTIF(D79,"S")+COUNTIF(J79,"S")+COUNTIF(P79,"S")+COUNTIF(V79,"S")+COUNTIF(AB79,"S")+COUNTIF(AH79,"S")+COUNTIF(AN79,"S")+COUNTIF(AT79,"S")+COUNTIF(AZ79,"S")+COUNTIF(BF79,"S")+COUNTIF(BL79,"S")+COUNTIF(BR79,"S")+COUNTIF(BX79,"S")+COUNTIF(CD79,"S")+COUNTIF(CJ79,"S") -> 0
A80: =IF(A22="","",A22) -> Luis Reyes | B80: =IF(B22="","",B22) -> 15 | C80: 1 | D80: P | E80: 3 | F80: 0 | G80: 6 | H80: 5 | I80: 1 | J80: G | K80: 3 | L80: 3 | M80: 6 | N80: 3 | CP80: =C80+I80+O80+U80+AA80+AG80+AM80+AS80+AY80+BE80+BK80+BQ80+BW80+CC80+CI80 -> 2 | CQ80: =COUNTIF(D80,"G")+COUNTIF(J80,"G")+COUNTIF(P80,"G")+COUNTIF(V80,"G")+COUNTIF(AB80,"G")+COUNTIF(AH80,"G")+COUNTIF(AN80,"G")+COUNTIF(AT80,"G")+COUNTIF(AZ80,"G")+COUNTIF(BF80,"G")+COUNTIF(BL80,"G")+COUNTIF(BR80,"G")+COUNTIF(BX80,"G")+COUNTIF(CD80,"G")+COUNTIF(CJ80,"G") -> 1 | CR80: =COUNTIF(D80,"P")+COUNTIF(J80,"P")+COUNTIF(P80,"P")+COUNTIF(V80,"P")+COUNTIF(AB80,"P")+COUNTIF(AH80,"P")+COUNTIF(AN80,"P")+COUNTIF(AT80,"P")+COUNTIF(AZ80,"P")+COUNTIF(BF80,"P")+COUNTIF(BL80,"P")+COUNTIF(BR80,"P")+COUNTIF(BX80,"P")+COUNTIF(CD80,"P")+COUNTIF(CJ80,"P") -> 1 | CS80: =(INT(E80)*3+(E80-INT(E80))*10)+(INT(K80)*3+(K80-INT(K80))*10)+(INT(Q80)*3+(Q80-INT(Q80))*10)+(INT(W80)*3+(W80-INT(W80))*10)+(INT(AC80)*3+(AC80-INT(AC80))*10)+(INT(AI80)*3+(AI80-INT(AI80))*10)+(INT(AO80)*3+(AO80-INT(AO80))*10)+(INT(AU80)*3+(AU80-INT(AU80))*10)+(INT(BA80)*3+(BA80-INT(BA80))*10)+(INT(BG80)*3+(BG80-INT(BG80))*10)+(INT(BM80)*3+(BM80-INT(BM80))*10)+(INT(BS80)*3+(BS80-INT(BS80))*10)+(INT(BY80)*3+(BY80-INT(BY80))*10)+(INT(CE80)*3+(CE80-INT(CE80))*10)+(INT(CK80)*3+(CK80-INT(CK80))*10) -> 18 | CT80: =INT(CS80/3)+MOD(CS80,3)/10 -> 6 | CU80: =F80+L80+R80+X80+AD80+AJ80+AP80+AV80+BB80+BH80+BN80+BT80+BZ80+CF80+CL80 -> 3 | CV80: =G80+M80+S80+Y80+AE80+AK80+AQ80+AW80+BC80+BI80+BO80+BU80+CA80+CG80+CM80 -> 12 | CW80: =H80+N80+T80+Z80+AF80+AL80+AR80+AX80+BD80+BJ80+BP80+BV80+CB80+CH80+CN80 -> 8 | CX80: =IFERROR(CU80*27/CS80,0) -> 4.5 | CY80: =COUNTIF(D80,"S")+COUNTIF(J80,"S")+COUNTIF(P80,"S")+COUNTIF(V80,"S")+COUNTIF(AB80,"S")+COUNTIF(AH80,"S")+COUNTIF(AN80,"S")+COUNTIF(AT80,"S")+COUNTIF(AZ80,"S")+COUNTIF(BF80,"S")+COUNTIF(BL80,"S")+COUNTIF(BR80,"S")+COUNTIF(BX80,"S")+COUNTIF(CD80,"S")+COUNTIF(CJ80,"S") -> 0
A81: =IF(A23="","",A23) -> Luis Morales | B81: =IF(B23="","",B23) -> 16 | C81: 0 | I81: 1 | J81: P | K81: 1.1 | L81: 0 | M81: 4 | N81: 1 | CP81: =C81+I81+O81+U81+AA81+AG81+AM81+AS81+AY81+BE81+BK81+BQ81+BW81+CC81+CI81 -> 1 | CQ81: =COUNTIF(D81,"G")+COUNTIF(J81,"G")+COUNTIF(P81,"G")+COUNTIF(V81,"G")+COUNTIF(AB81,"G")+COUNTIF(AH81,"G")+COUNTIF(AN81,"G")+COUNTIF(AT81,"G")+COUNTIF(AZ81,"G")+COUNTIF(BF81,"G")+COUNTIF(BL81,"G")+COUNTIF(BR81,"G")+COUNTIF(BX81,"G")+COUNTIF(CD81,"G")+COUNTIF(CJ81,"G") -> 0 | CR81: =COUNTIF(D81,"P")+COUNTIF(J81,"P")+COUNTIF(P81,"P")+COUNTIF(V81,"P")+COUNTIF(AB81,"P")+COUNTIF(AH81,"P")+COUNTIF(AN81,"P")+COUNTIF(AT81,"P")+COUNTIF(AZ81,"P")+COUNTIF(BF81,"P")+COUNTIF(BL81,"P")+COUNTIF(BR81,"P")+COUNTIF(BX81,"P")+COUNTIF(CD81,"P")+COUNTIF(CJ81,"P") -> 1 | CS81: =(INT(E81)*3+(E81-INT(E81))*10)+(INT(K81)*3+(K81-INT(K81))*10)+(INT(Q81)*3+(Q81-INT(Q81))*10)+(INT(W81)*3+(W81-INT(W81))*10)+(INT(AC81)*3+(AC81-INT(AC81))*10)+(INT(AI81)*3+(AI81-INT(AI81))*10)+(INT(AO81)*3+(AO81-INT(AO81))*10)+(INT(AU81)*3+(AU81-INT(AU81))*10)+(INT(BA81)*3+(BA81-INT(BA81))*10)+(INT(BG81)*3+(BG81-INT(BG81))*10)+(INT(BM81)*3+(BM81-INT(BM81))*10)+(INT(BS81)*3+(BS81-INT(BS81))*10)+(INT(BY81)*3+(BY81-INT(BY81))*10)+(INT(CE81)*3+(CE81-INT(CE81))*10)+(INT(CK81)*3+(CK81-INT(CK81))*10) -> 4 | CT81: =INT(CS81/3)+MOD(CS81,3)/10 -> 1.1 | CU81: =F81+L81+R81+X81+AD81+AJ81+AP81+AV81+BB81+BH81+BN81+BT81+BZ81+CF81+CL81 -> 0 | CV81: =G81+M81+S81+Y81+AE81+AK81+AQ81+AW81+BC81+BI81+BO81+BU81+CA81+CG81+CM81 -> 4 | CW81: =H81+N81+T81+Z81+AF81+AL81+AR81+AX81+BD81+BJ81+BP81+BV81+CB81+CH81+CN81 -> 1 | CX81: =IFERROR(CU81*27/CS81,0) -> 0 | CY81: =COUNTIF(D81,"S")+COUNTIF(J81,"S")+COUNTIF(P81,"S")+COUNTIF(V81,"S")+COUNTIF(AB81,"S")+COUNTIF(AH81,"S")+COUNTIF(AN81,"S")+COUNTIF(AT81,"S")+COUNTIF(AZ81,"S")+COUNTIF(BF81,"S")+COUNTIF(BL81,"S")+COUNTIF(BR81,"S")+COUNTIF(BX81,"S")+COUNTIF(CD81,"S")+COUNTIF(CJ81,"S") -> 0
A82: =IF(A24="","",A24) -> Luis Cruz | B82: =IF(B24="","",B24) -> 17 | C82: 1 | D82: G | E82: 2 | F82: 3 | G82: 4 | H82: 3 | I82: 1 | J82: G | K82: 3 | L82: 4 | M82: 5 | N82: 5 | CP82: =C82+I82+O82+U82+AA82+AG82+AM82+AS82+AY82+BE82+BK82+BQ82+BW82+CC82+CI82 -> 2 | CQ82: =COUNTIF(D82,"G")+COUNTIF(J82,"G")+COUNTIF(P82,"G")+COUNTIF(V82,"G")+COUNTIF(AB82,"G")+COUNTIF(AH82,"G")+COUNTIF(AN82,"G")+COUNTIF(AT82,"G")+COUNTIF(AZ82,"G")+COUNTIF(BF82,"G")+COUNTIF(BL82,"G")+COUNTIF(BR82,"G")+COUNTIF(BX82,"G")+COUNTIF(CD82,"G")+COUNTIF(CJ82,"G") -> 2 | CR82: =COUNTIF(D82,"P")+COUNTIF(J82,"P")+COUNTIF(P82,"P")+COUNTIF(V82,"P")+COUNTIF(AB82,"P")+COUNTIF(AH82,"P")+COUNTIF(AN82,"P")+COUNTIF(AT82,"P")+COUNTIF(AZ82,"P")+COUNTIF(BF82,"P")+COUNTIF(BL82,"P")+COUNTIF(BR82,"P")+COUNTIF(BX82,"P")+COUNTIF(CD82,"P")+COUNTIF(CJ82,"P") -> 0 | CS82: =(INT(E82)*3+(E82-INT(E82))*10)+(INT(K82)*3+(K82-INT(K82))*10)+(INT(Q82)*3+(Q82-INT(Q82))*10)+(INT(W82)*3+(W82-INT(W82))*10)+(INT(AC82)*3+(AC82-INT(AC82))*10)+(INT(AI82)*3+(AI82-INT(AI82))*10)+(INT(AO82)*3+(AO82-INT(AO82))*10)+(INT(AU82)*3+(AU82-INT(AU82))*10)+(INT(BA82)*3+(BA82-INT(BA82))*10)+(INT(BG82)*3+(BG82-INT(BG82))*10)+(INT(BM82)*3+(BM82-INT(BM82))*10)+(INT(BS82)*3+(BS82-INT(BS82))*10)+(INT(BY82)*3+(BY82-INT(BY82))*10)+(INT(CE82)*3+(CE82-INT(CE82))*10)+(INT(CK82)*3+(CK82-INT(CK82))*10) -> 15 | CT82: =INT(CS82/3)+MOD(CS82,3)/10 -> 5 | CU82: =F82+L82+R82+X82+AD82+AJ82+AP82+AV82+BB82+BH82+BN82+BT82+BZ82+CF82+CL82 -> 7 | CV82: =G82+M82+S82+Y82+AE82+AK82+AQ82+AW82+BC82+BI82+BO82+BU82+CA82+CG82+CM82 -> 9 | CW82: =H82+N82+T82+Z82+AF82+AL82+AR82+AX82+BD82+BJ82+BP82+BV82+CB82+CH82+CN82 -> 8 | CX82: =IFERROR(CU82*27/CS82,0) -> 12.6 | CY82: =COUNTIF(D82,"S")+COUNTIF(J82,"S")+COUNTIF(P82,"S")+COUNTIF(V82,"S")+COUNTIF(AB82,"S")+COUNTIF(AH82,"S")+COUNTIF(AN82,"S")+COUNTIF(AT82,"S")+COUNTIF(AZ82,"S")+COUNTIF(BF82,"S")+COUNTIF(BL82,"S")+COUNTIF(BR82,"S")+COUNTIF(BX82,"S")+COUNTIF(CD82,"S")+COUNTIF(CJ82,"S") -> 0
A83: =IF(A25="","",A25) -> Luis Ortiz | B83: =IF(B25="","",B25) -> 18 | C83: 0 | I83: 1 | J83: P | K83: 2.2 | L83: 4 | M83: 1 | N83: 2 | CP83: =C83+I83+O83+U83+AA83+AG83+AM83+AS83+AY83+BE83+BK83+BQ83+BW83+CC83+CI83 -> 1 | CQ83: =COUNTIF(D83,"G")+COUNTIF(J83,"G")+COUNTIF(P83,"G")+COUNTIF(V83,"G")+COUNTIF(AB83,"G")+COUNTIF(AH83,"G")+COUNTIF(AN83,"G")+COUNTIF(AT83,"G")+COUNTIF(AZ83,"G")+COUNTIF(BF83,"G")+COUNTIF(BL83,"G")+COUNTIF(BR83,"G")+COUNTIF(BX83,"G")+COUNTIF(CD83,"G")+COUNTIF(CJ83,"G") -> 0 | CR83: =COUNTIF(D83,"P")+COUNTIF(J83,"P")+COUNTIF(P83,"P")+COUNTIF(V83,"P")+COUNTIF(AB83,"P")+COUNTIF(AH83,"P")+COUNTIF(AN83,"P")+COUNTIF(AT83,"P")+COUNTIF(AZ83,"P")+COUNTIF(BF83,"P")+COUNTIF(BL83,"P")+COUNTIF(BR83,"P")+COUNTIF(BX83,"P")+COUNTIF(CD83,"P")+COUNTIF(CJ83,"P") -> 1 | CS83: =(INT(E83)*3+(E83-INT(E83))*10)+(INT(K83)*3+(K83-INT(K83))*10)+(INT(Q83)*3+(Q83-INT(Q83))*10)+(INT(W83)*3+(W83-INT(W83))*10)+(INT(AC83)*3+(AC83-INT(AC83))*10)+(INT(AI83)*3+(AI83-INT(AI83))*10)+(INT(AO83)*3+(AO83-INT(AO83))*10)+(INT(AU83)*3+(AU83-INT(AU83))*10)+(INT(BA83)*3+(BA83-INT(BA83))*10)+(INT(BG83)*3+(BG83-INT(BG83))*10)+(INT(BM83)*3+(BM83-INT(BM83))*10)+(INT(BS83)*3+(BS83-INT(BS83))*10)+(INT(BY83)*3+(BY83-INT(BY83))*10)+(INT(CE83)*3+(CE83-INT(CE83))*10)+(INT(CK83)*3+(CK83-INT(CK83))*10) -> 8 | CT83: =INT(CS83/3)+MOD(CS83,3)/10 -> 2.2 | CU83: =F83+L83+R83+X83+AD83+AJ83+AP83+AV83+BB83+BH83+BN83+BT83+BZ83+CF83+CL83 -> 4 | CV83: =G83+M83+S83+Y83+AE83+AK83+AQ83+AW83+BC83+BI83+BO83+BU83+CA83+CG83+CM83 -> 1 | CW83: =H83+N83+T83+Z83+AF83+AL83+AR83+AX83+BD83+BJ83+BP83+BV83+CB83+CH83+CN83 -> 2 | CX83: =IFERROR(CU83*27/CS83,0) -> 13.5 | CY83: =COUNTIF(D83,"S")+COUNTIF(J83,"S")+COUNTIF(P83,"S")+COUNTIF(V83,"S")+COUNTIF(AB83,"S")+COUNTIF(AH83,"S")+COUNTIF(AN83,"S")+COUNTIF(AT83,"S")+COUNTIF(AZ83,"S")+COUNTIF(BF83,"S")+COUNTIF(BL83,"S")+COUNTIF(BR83,"S")+COUNTIF(BX83,"S")+COUNTIF(CD83,"S")+COUNTIF(CJ83,"S") -> 0
A84: =IF(A26="","",A26) -> Luis Gutierrez | B84: =IF(B26="","",B26) -> 19 | C84: 0 | I84: 0 | CP84: =C84+I84+O84+U84+AA84+AG84+AM84+AS84+AY84+BE84+BK84+BQ84+BW84+CC84+CI84 -> 0 | CQ84: =COUNTIF(D84,"G")+COUNTIF(J84,"G")+COUNTIF(P84,"G")+COUNTIF(V84,"G")+COUNTIF(AB84,"G")+COUNTIF(AH84,"G")+COUNTIF(AN84,"G")+COUNTIF(AT84,"G")+COUNTIF(AZ84,"G")+COUNTIF(BF84,"G")+COUNTIF(BL84,"G")+COUNTIF(BR84,"G")+COUNTIF(BX84,"G")+COUNTIF(CD84,"G")+COUNTIF(CJ84,"G") -> 0 | CR84: =COUNTIF(D84,"P")+COUNTIF(J84,"P")+COUNTIF(P84,"P")+COUNTIF(V84,"P")+COUNTIF(AB84,"P")+COUNTIF(AH84,"P")+COUNTIF(AN84,"P")+COUNTIF(AT84,"P")+COUNTIF(AZ84,"P")+COUNTIF(BF84,"P")+COUNTIF(BL84,"P")+COUNTIF(BR84,"P")+COUNTIF(BX84,"P")+COUNTIF(CD84,"P")+COUNTIF(CJ84,"P") -> 0 | CS84: =(INT(E84)*3+(E84-INT(E84))*10)+(INT(K84)*3+(K84-INT(K84))*10)+(INT(Q84)*3+(Q84-INT(Q84))*10)+(INT(W84)*3+(W84-INT(W84))*10)+(INT(AC84)*3+(AC84-INT(AC84))*10)+(INT(AI84)*3+(AI84-INT(AI84))*10)+(INT(AO84)*3+(AO84-INT(AO84))*10)+(INT(AU84)*3+(AU84-INT(AU84))*10)+(INT(BA84)*3+(BA84-INT(BA84))*10)+(INT(BG84)*3+(BG84-INT(BG84))*10)+(INT(BM84)*3+(BM84-INT(BM84))*10)+(INT(BS84)*3+(BS84-INT(BS84))*10)+(INT(BY84)*3+(BY84-INT(BY84))*10)+(INT(CE84)*3+(CE84-INT(CE84))*10)+(INT(CK84)*3+(CK84-INT(CK84))*10) -> 0 | CT84: =INT(CS84/3)+MOD(CS84,3)/10 -> 0 | CU84: =F84+L84+R84+X84+AD84+AJ84+AP84+AV84+BB84+BH84+BN84+BT84+BZ84+CF84+CL84 -> 0 | CV84: =G84+M84+S84+Y84+AE84+AK84+AQ84+AW84+BC84+BI84+BO84+BU84+CA84+CG84+CM84 -> 0 | CW84: =H84+N84+T84+Z84+AF84+AL84+AR84+AX84+BD84+BJ84+BP84+BV84+CB84+CH84+CN84 -> 0 | CX84: =IFERROR(CU84*27/CS84,0) -> 0 | CY84: =COUNTIF(D84,"S")+COUNTIF(J84,"S")+COUNTIF(P84,"S")+COUNTIF(V84,"S")+COUNTIF(AB84,"S")+COUNTIF(AH84,"S")+COUNTIF(AN84,"S")+COUNTIF(AT84,"S")+COUNTIF(AZ84,"S")+COUNTIF(BF84,"S")+COUNTIF(BL84,"S")+COUNTIF(BR84,"S")+COUNTIF(BX84,"S")+COUNTIF(CD84,"S")+COUNTIF(CJ84,"S") -> 0
A85: =IF(A27="","",A27) -> Luis Castillo | B85: =IF(B27="","",B27) -> 20 | C85: 1 | D85: G | E85: 2.2 | F85: 0 | G85: 6 | H85: 5 | I85: 1 | J85: P | K85: 1.2 | L85: 0 | M85: 1 | N85: 4 | CP85: =C85+I85+O85+U85+AA85+AG85+AM85+AS85+AY85+BE85+BK85+BQ85+BW85+CC85+CI85 -> 2 | CQ85: =COUNTIF(D85,"G")+COUNTIF(J85,"G")+COUNTIF(P85,"G")+COUNTIF(V85,"G")+COUNTIF(AB85,"G")+COUNTIF(AH85,"G")+COUNTIF(AN85,"G")+COUNTIF(AT85,"G")+COUNTIF(AZ85,"G")+COUNTIF(BF85,"G")+COUNTIF(BL85,"G")+COUNTIF(BR85,"G")+COUNTIF(BX85,"G")+COUNTIF(CD85,"G")+COUNTIF(CJ85,"G") -> 1 | CR85: =COUNTIF(D85,"P")+COUNTIF(J85,"P")+COUNTIF(P85,"P")+COUNTIF(V85,"P")+COUNTIF(AB85,"P")+COUNTIF(AH85,"P")+COUNTIF(AN85,"P")+COUNTIF(AT85,"P")+COUNTIF(AZ85,"P")+COUNTIF(BF85,"P")+COUNTIF(BL85,"P")+COUNTIF(BR85,"P")+COUNTIF(BX85,"P")+COUNTIF(CD85,"P")+COUNTIF(CJ85,"P") -> 1 | CS85: =(INT(E85)*3+(E85-INT(E85))*10)+(INT(K85)*3+(K85-INT(K85))*10)+(INT(Q85)*3+(Q85-INT(Q85))*10)+(INT(W85)*3+(W85-INT(W85))*10)+(INT(AC85)*3+(AC85-INT(AC85))*10)+(INT(AI85)*3+(AI85-INT(AI85))*10)+(INT(AO85)*3+(AO85-INT(AO85))*10)+(INT(AU85)*3+(AU85-INT(AU85))*10)+(INT(BA85)*3+(BA85-INT(BA85))*10)+(INT(BG85)*3+(BG85-INT(BG85))*10)+(INT(BM85)*3+(BM85-INT(BM85))*10)+(INT(BS85)*3+(BS85-INT(BS85))*10)+(INT(BY85)*3+(BY85-INT(BY85))*10)+(INT(CE85)*3+(CE85-INT(CE85))*10)+(INT(CK85)*3+(CK85-INT(CK85))*10) -> 13 | CT85: =INT(CS85/3)+MOD(CS85,3)/10 -> 4.1 | CU85: =F85+L85+R85+X85+AD85+AJ85+AP85+AV85+BB85+BH85+BN85+BT85+BZ85+CF85+CL85 -> 0 | CV85: =G85+M85+S85+Y85+AE85+AK85+AQ85+AW85+BC85+BI85+BO85+BU85+CA85+CG85+CM85 -> 7 | CW85: =H85+N85+T85+Z85+AF85+AL85+AR85+AX85+BD85+BJ85+BP85+BV85+CB85+CH85+CN85 -> 9 | CX85: =IFERROR(CU85*27/CS85,0) -> 0 | CY85: =COUNTIF(D85,"S")+COUNTIF(J85,"S")+COUNTIF(P85,"S")+COUNTIF(V85,"S")+COUNTIF(AB85,"S")+COUNTIF(AH85,"S")+COUNTIF(AN85,"S")+COUNTIF(AT85,"S")+COUNTIF(AZ85,"S")+COUNTIF(BF85,"S")+COUNTIF(BL85,"S")+COUNTIF(BR85,"S")+COUNTIF(BX85,"S")+COUNTIF(CD85,"S")+COUNTIF(CJ85,"S") -> 0
A86: =IF(A28="","",A28) -> Carlos Garcia | B86: =IF(B28="","",B28) -> 21 | C86: 0 | I86: 1 | J86: G | K86: 1 | L86: 2 | M86: 5 | N86: 4 | CP86: =C86+I86+O86+U86+AA86+AG86+AM86+AS86+AY86+BE86+BK86+BQ86+BW86+CC86+CI86 -> 1 | CQ86: =COUNTIF(D86,"G")+COUNTIF(J86,"G")+COUNTIF(P86,"G")+COUNTIF(V86,"G")+COUNTIF(AB86,"G")+COUNTIF(AH86,"G")+COUNTIF(AN86,"G")+COUNTIF(AT86,"G")+COUNTIF(AZ86,"G")+COUNTIF(BF86,"G")+COUNTIF(BL86,"G")+COUNTIF(BR86,"G")+COUNTIF(BX86,"G")+COUNTIF(CD86,"G")+COUNTIF(CJ86,"G") -> 1 | CR86: =COUNTIF(D86,"P")+COUNTIF(J86,"P")+COUNTIF(P86,"P")+COUNTIF(V86,"P")+COUNTIF(AB86,"P")+COUNTIF(AH86,"P")+COUNTIF(AN86,"P")+COUNTIF(AT86,"P")+COUNTIF(AZ86,"P")+COUNTIF(BF86,"P")+COUNTIF(BL86,"P")+COUNTIF(BR86,"P")+COUNTIF(BX86,"P")+COUNTIF(CD86,"P")+COUNTIF(CJ86,"P") -> 0 | CS86: =(INT(E86)*3+(E86-INT(E86))*10)+(INT(K86)*3+(K86-INT(K86))*10)+(INT(Q86)*3+(Q86-INT(Q86))*10)+(INT(W86)*3+(W86-INT(W86))*10)+(INT(AC86)*3+(AC86-INT(AC86))*10)+(INT(AI86)*3+(AI86-INT(AI86))*10)+(INT(AO86)*3+(AO86-INT(AO86))*10)+(INT(AU86)*3+(AU86-INT(AU86))*10)+(INT(BA86)*3+(BA86-INT(BA86))*10)+(INT(BG86)*3+(BG86-INT(BG86))*10)+(INT(BM86)*3+(BM86-INT(BM86))*10)+(INT(BS86)*3+(BS86-INT(BS86))*10)+(INT(BY86)*3+(BY86-INT(BY86))*10)+(INT(CE86)*3+(CE86-INT(CE86))*10)+(INT(CK86)*3+(CK86-INT(CK86))*10) -> 3 | CT86: =INT(CS86/3)+MOD(CS86,3)/10 -> 1 | CU86: =F86+L86+R86+X86+AD86+AJ86+AP86+AV86+BB86+BH86+BN86+BT86+BZ86+CF86+CL86 -> 2 | CV86: =G86+M86+S86+Y86+AE86+AK86+AQ86+AW86+BC86+BI86+BO86+BU86+CA86+CG86+CM86 -> 5 | CW86: =H86+N86+T86+Z86+AF86+AL86+AR86+AX86+BD86+BJ86+BP86+BV86+CB86+CH86+CN86 -> 4 | CX86: =IFERROR(CU86*27/CS86,0) -> 18 | CY86: =COUNTIF(D86,"S")+COUNTIF(J86,"S")+COUNTIF(P86,"S")+COUNTIF(V86,"S")+COUNTIF(AB86,"S")+COUNTIF(AH86,"S")+COUNTIF(AN86,"S")+COUNTIF(AT86,"S")+COUNTIF(AZ86,"S")+COUNTIF(BF86,"S")+COUNTIF(BL86,"S")+COUNTIF(BR86,"S")+COUNTIF(BX86,"S")+COUNTIF(CD86,"S")+COUNTIF(CJ86,"S") -> 0
A87: =IF(A29="","",A29) -> Carlos Rodriguez | B87: =IF(B29="","",B29) -> 22 | C87: 0 | I87: 1 | J87: P | K87: 2.1 | L87: 4 | M87: 4 | N87: 4 | CP87: =C87+I87+O87+U87+AA87+AG87+AM87+AS87+AY87+BE87+BK87+BQ87+BW87+CC87+CI87 -> 1 | CQ87: =COUNTIF(D87,"G")+COUNTIF(J87,"G")+COUNTIF(P87,"G")+COUNTIF(V87,"G")+COUNTIF(AB87,"G")+COUNTIF(AH87,"G")+COUNTIF(AN87,"G")+COUNTIF(AT87,"G")+COUNTIF(AZ87,"G")+COUNTIF(BF87,"G")+COUNTIF(BL87,"G")+COUNTIF(BR87,"G")+COUNTIF(BX87,"G")+COUNTIF(CD87,"G")+COUNTIF(CJ87,"G") -> 0 | CR87: =COUNTIF(D87,"P")+COUNTIF(J87,"P")+COUNTIF(P87,"P")+COUNTIF(V87,"P")+COUNTIF(AB87,"P")+COUNTIF(AH87,"P")+COUNTIF(AN87,"P")+COUNTIF(AT87,"P")+COUNTIF(AZ87,"P")+COUNTIF(BF87,"P")+COUNTIF(BL87,"P")+COUNTIF(BR87,"P")+COUNTIF(BX87,"P")+COUNTIF(CD87,"P")+COUNTIF(CJ87,"P") -> 1 | CS87: =(INT(E87)*3+(E87-INT(E87))*10)+(INT(K87)*3+(K87-INT(K87))*10)+(INT(Q87)*3+(Q87-INT(Q87))*10)+(INT(W87)*3+(W87-INT(W87))*10)+(INT(AC87)*3+(AC87-INT(AC87))*10)+(INT(AI87)*3+(AI87-INT(AI87))*10)+(INT(AO87)*3+(AO87-INT(AO87))*10)+(INT(AU87)*3+(AU87-INT(AU87))*10)+(INT(BA87)*3+(BA87-INT(BA87))*10)+(INT(BG87)*3+(BG87-INT(BG87))*10)+(INT(BM87)*3+(BM87-INT(BM87))*10)+(INT(BS87)*3+(BS87-INT(BS87))*10)+(INT(BY87)*3+(BY87-INT(BY87))*10)+(INT(CE87)*3+(CE87-INT(CE87))*10)+(INT(CK87)*3+(CK87-INT(CK87))*10) -> 7 | CT87: =INT(CS87/3)+MOD(CS87,3)/10 -> 2.1 | CU87: =F87+L87+R87+X87+AD87+AJ87+AP87+AV87+BB87+BH87+BN87+BT87+BZ87+CF87+CL87 -> 4 | CV87: =G87+M87+S87+Y87+AE87+AK87+AQ87+AW87+BC87+BI87+BO87+BU87+CA87+CG87+CM87 -> 4 | CW87: =H87+N87+T87+Z87+AF87+AL87+AR87+AX87+BD87+BJ87+BP87+BV87+CB87+CH87+CN87 -> 4 | CX87: =IFERROR(CU87*27/CS87,0) -> 15.428571 | CY87: =COUNTIF(D87,"S")+COUNTIF(J87,"S")+COUNTIF(P87,"S")+COUNTIF(V87,"S")+COUNTIF(AB87,"S")+COUNTIF(AH87,"S")+COUNTIF(AN87,"S")+COUNTIF(AT87,"S")+COUNTIF(AZ87,"S")+COUNTIF(BF87,"S")+COUNTIF(BL87,"S")+COUNTIF(BR87,"S")+COUNTIF(BX87,"S")+COUNTIF(CD87,"S")+COUNTIF(CJ87,"S") -> 0
A88: =IF(A30="","",A30) -> Carlos Martinez | B88: =IF(B30="","",B30) -> 23 | C88: 1 | D88: P | E88: 2.1 | F88: 2 | G88: 2 | H88: 2 | I88: 1 | J88: P | K88: 1 | L88: 2 | M88: 4 | N88: 2 | CP88: =C88+I88+O88+U88+AA88+AG88+AM88+AS88+AY88+BE88+BK88+BQ88+BW88+CC88+CI88 -> 2 | CQ88: =COUNTIF(D88,"G")+COUNTIF(J88,"G")+COUNTIF(P88,"G")+COUNTIF(V88,"G")+COUNTIF(AB88,"G")+COUNTIF(AH88,"G")+COUNTIF(AN88,"G")+COUNTIF(AT88,"G")+COUNTIF(AZ88,"G")+COUNTIF(BF88,"G")+COUNTIF(BL88,"G")+COUNTIF(BR88,"G")+COUNTIF(BX88,"G")+COUNTIF(CD88,"G")+COUNTIF(CJ88,"G") -> 0 | CR88: =COUNTIF(D88,"P")+COUNTIF(J88,"P")+COUNTIF(P88,"P")+COUNTIF(V88,"P")+COUNTIF(AB88,"P")+COUNTIF(AH88,"P")+COUNTIF(AN88,"P")+COUNTIF(AT88,"P")+COUNTIF(AZ88,"P")+COUNTIF(BF88,"P")+COUNTIF(BL88,"P")+COUNTIF(BR88,"P")+COUNTIF(BX88,"P")+COUNTIF(CD88,"P")+COUNTIF(CJ88,"P") -> 2 | CS88: =(INT(E88)*3+(E88-INT(E88))*10)+(INT(K88)*3+(K88-INT(K88))*10)+(INT(Q88)*3+(Q88-INT(Q88))*10)+(INT(W88)*3+(W88-INT(W88))*10)+(INT(AC88)*3+(AC88-INT(AC88))*10)+(INT(AI88)*3+(AI88-INT(AI88))*10)+(INT(AO88)*3+(AO88-INT(AO88))*10)+(INT(AU88)*3+(AU88-INT(AU88))*10)+(INT(BA88)*3+(BA88-INT(BA88))*10)+(INT(BG88)*3+(BG88-INT(BG88))*10)+(INT(BM88)*3+(BM88-INT(BM88))*10)+(INT(BS88)*3+(BS88-INT(BS88))*10)+(INT(BY88)*3+(BY88-INT(BY88))*10)+(INT(CE88)*3+(CE88-INT(CE88))*10)+(INT(CK88)*3+(CK88-INT(CK88))*10) -> 10 | CT88: =INT(CS88/3)+MOD(CS88,3)/10 -> 3.1 | CU88: =F88+L88+R88+X88+AD88+AJ88+AP88+AV88+BB88+BH88+BN88+BT88+BZ88+CF88+CL88 -> 4 | CV88: =G88+M88+S88+Y88+AE88+AK88+AQ88+AW88+BC88+BI88+BO88+BU88+CA88+CG88+CM88 -> 6 | CW88: =H88+N88+T88+Z88+AF88+AL88+AR88+AX88+BD88+BJ88+BP88+BV88+CB88+CH88+CN88 -> 4 | CX88: =IFERROR(CU88*27/CS88,0) -> 10.8 | CY88: =COUNTIF(D88,"S")+COUNTIF(J88,"S")+COUNTIF(P88,"S")+COUNTIF(V88,"S")+COUNTIF(AB88,"S")+COUNTIF(AH88,"S")+COUNTIF(AN88,"S")+COUNTIF(AT88,"S")+COUNTIF(AZ88,"S")+COUNTIF(BF88,"S")+COUNTIF(BL88,"S")+COUNTIF(BR88,"S")+COUNTIF(BX88,"S")+COUNTIF(CD88,"S")+COUNTIF(CJ88,"S") -> 0
A89: =IF(A31="","",A31) -> Carlos Hernandez | B89: =IF(B31="","",B31) -> 24 | C89: 0 | I89: 0 | CP89: =C89+I89+O89+U89+AA89+AG89+AM89+AS89+AY89+BE89+BK89+BQ89+BW89+CC89+CI89 -> 0 | CQ89: =COUNTIF(D89,"G")+COUNTIF(J89,"G")+COUNTIF(P89,"G")+COUNTIF(V89,"G")+COUNTIF(AB89,"G")+COUNTIF(AH89,"G")+COUNTIF(AN89,"G")+COUNTIF(AT89,"G")+COUNTIF(AZ89,"G")+COUNTIF(BF89,"G")+COUNTIF(BL89,"G")+COUNTIF(BR89,"G")+COUNTIF(BX89,"G")+COUNTIF(CD89,"G")+COUNTIF(CJ89,"G") -> 0 | CR89: =COUNTIF(D89,"P")+COUNTIF(J89,"P")+COUNTIF(P89,"P")+COUNTIF(V89,"P")+COUNTIF(AB89,"P")+COUNTIF(AH89,"P")+COUNTIF(AN89,"P")+COUNTIF(AT89,"P")+COUNTIF(AZ89,"P")+COUNTIF(BF89,"P")+COUNTIF(BL89,"P")+COUNTIF(BR89,"P")+COUNTIF(BX89,"P")+COUNTIF(CD89,"P")+COUNTIF(CJ89,"P") -> 0 | CS89: =(INT(E89)*3+(E89-INT(E89))*10)+(INT(K89)*3+(K89-INT(K89))*10)+(INT(Q89)*3+(Q89-INT(Q89))*10)+(INT(W89)*3+(W89-INT(W89))*10)+(INT(AC89)*3+(AC89-INT(AC89))*10)+(INT(AI89)*3+(AI89-INT(AI89))*10)+(INT(AO89)*3+(AO89-INT(AO89))*10)+(INT(AU89)*3+(AU89-INT(AU89))*10)+(INT(BA89)*3+(BA89-INT(BA89))*10)+(INT(BG89)*3+(BG89-INT(BG89))*10)+(INT(BM89)*3+(BM89-INT(BM89))*10)+(INT(BS89)*3+(BS89-INT(BS89))*10)+(INT(BY89)*3+(BY89-INT(BY89))*10)+(INT(CE89)*3+(CE89-INT(CE89))*10)+(INT(CK89)*3+(CK89-INT(CK89))*10) -> 0 | CT89: =INT(CS89/3)+MOD(CS89,3)/10 -> 0 | CU89: =F89+L89+R89+X89+AD89+AJ89+AP89+AV89+BB89+BH89+BN89+BT89+BZ89+CF89+CL89 -> 0 | CV89: =G89+M89+S89+Y89+AE89+AK89+AQ89+AW89+BC89+BI89+BO89+BU89+CA89+CG89+CM89 -> 0 | CW89: =H89+N89+T89+Z89+AF89+AL89+AR89+AX89+BD89+BJ89+BP89+BV89+CB89+CH89+CN89 -> 0 | CX89: =IFERROR(CU89*27/CS89,0) -> 0 | CY89: =COUNTIF(D89,"S")+COUNTIF(J89,"S")+COUNTIF(P89,"S")+COUNTIF(V89,"S")+COUNTIF(AB89,"S")+COUNTIF(AH89,"S")+COUNTIF(AN89,"S")+COUNTIF(AT89,"S")+COUNTIF(AZ89,"S")+COUNTIF(BF89,"S")+COUNTIF(BL89,"S")+COUNTIF(BR89,"S")+COUNTIF(BX89,"S")+COUNTIF(CD89,"S")+COUNTIF(CJ89,"S") -> 0
A90: =IF(A32="","",A32) -> Carlos Lopez | B90: =IF(B32="","",B32) -> 25 | C90: 1 | D90: P | E90: 1.2 | F90: 0 | G90: 6 | H90: 5 | I90: 0 | CP90: =C90+I90+O90+U90+AA90+AG90+AM90+AS90+AY90+BE90+BK90+BQ90+BW90+CC90+CI90 -> 1 | CQ90: =COUNTIF(D90,"G")+COUNTIF(J90,"G")+COUNTIF(P90,"G")+COUNTIF(V90,"G")+COUNTIF(AB90,"G")+COUNTIF(AH90,"G")+COUNTIF(AN90,"G")+COUNTIF(AT90,"G")+COUNTIF(AZ90,"G")+COUNTIF(BF90,"G")+COUNTIF(BL90,"G")+COUNTIF(BR90,"G")+COUNTIF(BX90,"G")+COUNTIF(CD90,"G")+COUNTIF(CJ90,"G") -> 0 | CR90: =COUNTIF(D90,"P")+COUNTIF(J90,"P")+COUNTIF(P90,"P")+COUNTIF(V90,"P")+COUNTIF(AB90,"P")+COUNTIF(AH90,"P")+COUNTIF(AN90,"P")+COUNTIF(AT90,"P")+COUNTIF(AZ90,"P")+COUNTIF(BF90,"P")+COUNTIF(BL90,"P")+COUNTIF(BR90,"P")+COUNTIF(BX90,"P")+COUNTIF(CD90,"P")+COUNTIF(CJ90,"P") -> 1 | CS90: =(INT(E90)*3+(E90-INT(E90))*10)+(INT(K90)*3+(K90-INT(K90))*10)+(INT(Q90)*3+(Q90-INT(Q90))*10)+(INT(W90)*3+(W90-INT(W90))*10)+(INT(AC90)*3+(AC90-INT(AC90))*10)+(INT(AI90)*3+(AI90-INT(AI90))*10)+(INT(AO90)*3+(AO90-INT(AO90))*10)+(INT(AU90)*3+(AU90-INT(AU90))*10)+(INT(BA90)*3+(BA90-INT(BA90))*10)+(INT(BG90)*3+(BG90-INT(BG90))*10)+(INT(BM90)*3+(BM90-INT(BM90))*10)+(INT(BS90)*3+(BS90-INT(BS90))*10)+(INT(BY90)*3+(BY90-INT(BY90))*10)+(INT(CE90)*3+(CE90-INT(CE90))*10)+(INT(CK90)*3+(CK90-INT(CK90))*10) -> 5 | CT90: =INT(CS90/3)+MOD(CS90,3)/10 -> 1.2 | CU90: =F90+L90+R90+X90+AD90+AJ90+AP90+AV90+BB90+BH90+BN90+BT90+BZ90+CF90+CL90 -> 0 | CV90: =G90+M90+S90+Y90+AE90+AK90+AQ90+AW90+BC90+BI90+BO90+BU90+CA90+CG90+CM90 -> 6 | CW90: =H90+N90+T90+Z90+AF90+AL90+AR90+AX90+BD90+BJ90+BP90+BV90+CB90+CH90+CN90 -> 5 | CX90: =IFERROR(CU90*27/CS90,0) -> 0 | CY90: =COUNTIF(D90,"S")+COUNTIF(J90,"S")+COUNTIF(P90,"S")+COUNTIF(V90,"S")+COUNTIF(AB90,"S")+COUNTIF(AH90,"S")+COUNTIF(AN90,"S")+COUNTIF(AT90,"S")+COUNTIF(AZ90,"S")+COUNTIF(BF90,"S")+COUNTIF(BL90,"S")+COUNTIF(BR90,"S")+COUNTIF(BX90,"S")+COUNTIF(CD90,"S")+COUNTIF(CJ90,"S") -> 0
A91: TOTALES : | CP91: =SUM(CP66:CP90) -> 24 | CQ91: =SUM(CQ66:CQ90) -> 8 | CR91: =SUM(CR66:CR90) -> 16 | CS91: =SUM(CS66:CS90) -> 152 | CT91: =SUM(CT66:CT90) -> 47.4 | CU91: =SUM(CU66:CU90) -> 44 | CV91: =SUM(CV66:CV90) -> 99 | CW91: =SUM(CW66:CW90) -> 65 | ... CY91: =SUM(CY66:CY90) -> 0
A94: R E S U L T A D O S D E L E Q U I P O
A95: Juego | B95: Resultado | C95: CA | D95: CR
A96: 1 | B96: E | C96: 3 | D96: 3
A97: 2 | B97: G | C97: 4 | D97: 3
A98: 3
A99: 4
A100: 5
A101: 6
A102: 7
A103: 8
A104: 9
A105: 10
A106: 11
A107: 12
A108: 13
A109: 14
A110: 15
A111: TOTALES | B111: =COUNTIF(B96:B110,"G")+COUNTIF(B96:B110,"P")+COUNTIF(B96:B110,"E") -> 2 | C111: =COUNTIF(B96:B110,"G") -> 1 | D111: =COUNTIF(B96:B110,"P") -> 0 | E111: =COUNTIF(B96:B110,"E") -> 1 | F111: =SUM(C96:C110) -> 7 | G111: =SUM(D96:D110) -> 6

Sheet equipo2
A1: CORPORACION CRIOLLITOS DE VENEZUELA
A2: LIGA DE BEISBOL MENOR JUAN GUILLERMO GUZMAN
B4: CATEGORIA : INFANTIL
A6: Equipo 2 | C6: O F E N S I V A I N D I V I D U A L
A7: NOMBRE | B7: No | C7: VB | D7: CA | E7: H | F7: 2B | G7: 3B | H7: HR | I7: CI | J7: K | K7: BB | L7: BR | M7: GP | N7: SH | O7: SF | P7: INT | Q7: BAL | R7: AL | T7: VB | U7: CA | V7: H | W7: 2B | X7: 3B | Y7: HR | Z7: CI | AA7: K | AB7: BB | AC7: BR | AD7: GP | AE7: SH | AF7: SF | AG7: INT | AH7: BAL | AI7: AL | AK7: VB | AL7: CA | AM7: H | AN7: 2B | AO7: 3B | AP7: HR | AQ7: CI | AR7: K | AS7: BB | AT7: BR | AU7: GP | AV7: SH | AW7: SF | AX7: INT | AY7: BAL | AZ7: AL | BB7: VB | BC7: CA | BD7: H | BE7: 2B | BF7: 3B | BG7: HR | BH7: CI | BI7: K | BJ7: BB | BK7: BR | BL7: GP | BM7: SH | BN7: SF | BO7: INT | BP7: BAL | BQ7: AL | BS7: VB | BT7: CA | BU7: H | BV7: 2B | BW7: 3B | BX7: HR | BY7: CI | BZ7: K | CA7: BB | CB7: BR | CC7: GP | CD7: SH | CE7: SF | CF7: INT | CG7: BAL | CH7: AL | CJ7: VB | CK7: CA | CL7: H | CM7: 2B | CN7: 3B | CO7: HR | CP7: CI | CQ7: K | CR7: BB | CS7: BR | CT7: GP | CU7: SH | CV7: SF | CW7: INT | CX7: BAL | CY7: AL | DA7: VB | DB7: CA | DC7: H | DD7: 2B | DE7: 3B | DF7: HR | DG7: CI | DH7: K | DI7: BB | DJ7: BR | DK7: GP | DL7: SH | DM7: SF | DN7: INT | DO7: BAL | DP7: AL | DR7: VB | DS7: CA | DT7: H | DU7: 2B | DV7: 3B | DW7: HR | DX7: CI | DY7: K | DZ7: BB | EA7: BR | EB7: GP | EC7: SH | ED7: SF | EE7: INT | EF7: BAL | EG7: AL | EI7: VB | EJ7: CA | EK7: H | EL7: 2B | EM7: 3B | EN7: HR | EO7: CI | EP7: K | EQ7: BB | ER7: BR | ES7: GP | ET7: SH | EU7: SF | EV7: INT | EW7: BAL | EX7: AL | EZ7: VB | FA7: CA | FB7: H | FC7: 2B | FD7: 3B | FE7: HR | FF7: CI | FG7: K | FH7: BB | FI7: BR | FJ7: GP | FK7: SH | FL7: SF | FM7: INT | FN7: BAL | FO7: AL | FQ7: VB | FR7: CA | FS7: H | FT7: 2B | FU7: 3B | FV7: HR | FW7: CI | FX7: K | FY7: BB | FZ7: BR | GA7: GP | GB7: SH | GC7: SF | GD7: INT | GE7: BAL | GF7: AL | GH7: VB | GI7: CA | GJ7: H | GK7: 2B | GL7: 3B | GM7: HR | GN7: CI | GO7: K | GP7: BB | GQ7: BR | GR7: GP | GS7: SH | GT7: SF | GU7: INT | GV7: BAL | GW7: AL | GY7: VB | GZ7: CA | HA7: H | HB7: 2B | HC7: 3B | HD7: HR | HE7: CI | HF7: K | HG7: BB | HH7: BR | HI7: GP | HJ7: SH | HK7: SF | HL7: INT | HM7: BAL | HN7: AL | HP7: VB | HQ7: CA | HR7: H | HS7: 2B | HT7: 3B | HU7: HR | HV7: CI | HW7: K | HX7: BB | HY7: BR | HZ7: GP | IA7: SH | IB7: SF | IC7: INT | ID7: BAL | IE7: AL | IG7: VB | IH7: CA | II7: H | IJ7: 2B | IK7: 3B | IL7: HR | IM7: CI | IN7: K | IO7: BB | IP7: BR | IQ7: GP | IR7: SH | IS7: SF | IT7: INT | IU7: BAL | IV7: AL
A8: Carlos Gonzalez | B8: 1 | C8: 4 | D8: 0 | E8: 1 | F8: 0 | G8: 0 | H8: 0 | I8: 0 | J8: 2 | K8: 1 | L8: 1 | M8: 0 | N8: 0 | O8: 1 | P8: 0 | Q8: =(E8-(F8+G8+H8))+(F8*2)+(G8*3)+(H8*4) -> 1 | R8: =C8+K8+M8+N8+O8+P8 -> 6 | T8: 3 | U8: 1 | V8: 3 | W8: 0 | X8: 0 | Y8: 0 | Z8: 1 | AA8: 1 | AB8: 1 | AC8: 1 | AD8: 0 | AE8: 1 | AF8: 1 | AG8: 0 | AH8: =(V8-(W8+X8+Y8))+(W8*2)+(X8*3)+(Y8*4) -> 3 | AI8: =T8+AB8+AD8+AE8+AF8+AG8 -> 6
A9: Carlos Perez | B9: 2 | C9: 3 | D9: 0 | E9: 1 | F9: 0 | G9: 0 | H9: 0 | I9: 0 | J9: 0 | K9: 0 | L9: 1 | M9: 1 | N9: 1 | O9: 1 | P9: 0 | Q9: =(E9-(F9+G9+H9))+(F9*2)+(G9*3)+(H9*4) -> 1 | R9: =C9+K9+M9+N9+O9+P9 -> 6 | T9: 4 | U9: 2 | V9: 2 | W9: 0 | X9: 0 | Y9: 1 | Z9: 3 | AA9: 2 | AB9: 1 | AC9: 1 | AD9: 1 | AE9: 1 | AF9: 0 | AG9: 0 | AH9: =(V9-(W9+X9+Y9))+(W9*2)+(X9*3)+(Y9*4) -> 5 | AI9: =T9+AB9+AD9+AE9+AF9+AG9 -> 7
A10: Carlos Sanchez | B10: 3 | C10: 5 | D10: 3 | E10: 0 | F10: 0 | G10: 0 | H10: 0 | I10: 0 | J10: 2 | K10: 1 | L10: 0 | M10: 1 | N10: 1 | O10: 1 | P10: 0 | Q10: =(E10-(F10+G10+H10))+(F10*2)+(G10*3)+(H10*4) -> 0 | R10: =C10+K10+M10+N10+O10+P10 -> 9 | T10: 2 | U10: 2 | V10: 1 | W10: 1 | X10: 0 | Y10: 0 | Z10: 2 | AA10: 2 | AB10: 2 | AC10: 0 | AD10: 0 | AE10: 1 | AF10: 1 | AG10: 0 | AH10: =(V10-(W10+X10+Y10))+(W10*2)+(X10*3)+(Y10*4) -> 2 | AI10: =T10+AB10+AD10+AE10+AF10+AG10 -> 6
A11: Carlos Ramirez | B11: 4 | C11: 3 | D11: 1 | E11: 0 | F11: 0 | G11: 0 | H11: 0 | I11: 1 | J11: 1 | K11: 2 | L11: 0 | M11: 0 | N11: 1 | O11: 1 | P11: 0 | Q11: =(E11-(F11+G11+H11))+(F11*2)+(G11*3)+(H11*4) -> 0 | R11: =C11+K11+M11+N11+O11+P11 -> 7 | T11: 4 | U11: 3 | V11: 3 | W11: 0 | X11: 0 | Y11: 1 | Z11: 4 | AA11: 1 | AB11: 2 | AC11: 0 | AD11: 0 | AE11: 0 | AF11: 1 | AG11: 0 | AH11: =(V11-(W11+X11+Y11))+(W11*2)+(X11*3)+(Y11*4) -> 6 | AI11: =T11+AB11+AD11+AE11+AF11+AG11 -> 7
A12: Carlos Torres | B12: 5 | C12: 5 | D12: 1 | E12: 3 | F12: 0 | G12: 0 | H12: 0 | I12: 4 | J12: 0 | K12: 0 | L12: 0 | M12: 1 | N12: 0 | O12: 0 | P12: 0 | Q12: =(E12-(F12+G12+H12))+(F12*2)+(G12*3)+(H12*4) -> 3 | R12: =C12+K12+M12+N12+O12+P12 -> 6 | T12: 5 | U12: 5 | V12: 3 | W12: 0 | X12: 1 | Y12: 0 | Z12: 0 | AA12: 1 | AB12: 0 | AC12: 0 | AD12: 0 | AE12: 0 | AF12: 1 | AG12: 0 | AH12: =(V12-(W12+X12+Y12))+(W12*2)+(X12*3)+(Y12*4) -> 5 | AI12: =T12+AB12+AD12+AE12+AF12+AG12 -> 6
A13: Carlos Flores | B13: 6 | C13: 4 | D13: 1 | E13: 0 | F13: 0 | G13: 0 | H13: 0 | I13: 1 | J13: 2 | K13: 2 | L13: 1 | M13: 1 | N13: 1 | O13: 1 | P13: 0 | Q13: =(E13-(F13+G13+H13))+(F13*2)+(G13*3)+(H13*4) -> 0 | R13: =C13+K13+M13+N13+O13+P13 -> 9 | T13: 5 | U13: 3 | V13: 0 | W13: 0 | X13: 0 | Y13: 0 | Z13: 1 | AA13: 0 | AB13: 0 | AC13: 0 | AD13: 0 | AE13: 1 | AF13: 1 | AG13: 0 | AH13: =(V13-(W13+X13+Y13))+(W13*2)+(X13*3)+(Y13*4) -> 0 | AI13: =T13+AB13+AD13+AE13+AF13+AG13 -> 7
A14: Carlos Rivera | B14: 7 | C14: 5 | D14: 4 | E14: 4 | F14: 0 | G14: 0 | H14: 1 | I14: 4 | J14: 0 | K14: 1 | L14: 1 | M14: 1 | N14: 0 | O14: 0 | P14: 0 | Q14: =(E14-(F14+G14+H14))+(F14*2)+(G14*3)+(H14*4) -> 7 | R14: =C14+K14+M14+N14+O14+P14 -> 7 | T14: 3 | U14: 2 | V14: 0 | W14: 0 | X14: 0 | Y14: 0 | Z14: 1 | AA14: 0 | AB14: 1 | AC14: 0 | AD14: 0 | AE14: 1 | AF14: 1 | AG14: 0 | AH14: =(V14-(W14+X14+Y14))+(W14*2)+(X14*3)+(Y14*4) -> 0 | AI14: =T14+AB14+AD14+AE14+AF14+AG14 -> 6
A15: Carlos Gomez | B15: 8 | C15: 5 | D15: 0 | E15: 4 | F15: 0 | G15: 0 | H15: 0 | I15: 4 | J15: 0 | K15: 0 | L15: 1 | M15: 1 | N15: 0 | O15: 1 | P15: 0 | Q15: =(E15-(F15+G15+H15))+(F15*2)+(G15*3)+(H15*4) -> 4 | R15: =C15+K15+M15+N15+O15+P15 -> 7 | T15: 2 | U15: 1 | V15: 1 | W15: 0 | X15: 0 | Y15: 0 | Z15: 1 | AA15: 0 | AB15: 1 | AC15: 0 | AD15: 0 | AE15: 1 | AF15: 0 | AG15: 0 | AH15: =(V15-(W15+X15+Y15))+(W15*2)+(X15*3)+(Y15*4) -> 1 | AI15: =T15+AB15+AD15+AE15+AF15+AG15 -> 4
A16: Carlos Diaz | B16: 9 | C16: 3 | D16: 3 | E16: 0 | F16: 0 | G16: 0 | H16: 0 | I16: 0 | J16: 2 | K16: 0 | L16: 0 | M16: 0 | N16: 0 | O16: 0 | P16: 0 | Q16: =(E16-(F16+G16+H16))+(F16*2)+(G16*3)+(H16*4) -> 0 | R16: =C16+K16+M16+N16+O16+P16 -> 3 | T16: 2 | U16: 2 | V16: 1 | W16: 0 | X16: 0 | Y16: 1 | Z16: 1 | AA16: 1 | AB16: 1 | AC16: 1 | AD16: 0 | AE16: 0 | AF16: 0 | AG16: 0 | AH16: =(V16-(W16+X16+Y16))+(W16*2)+(X16*3)+(Y16*4) -> 4 | AI16: =T16+AB16+AD16+AE16+AF16+AG16 -> 3
A17: Carlos Reyes | B17: 10 | C17: 5 | D17: 2 | E17: 3 | F17: 0 | G17: 0 | H17: 0 | I17: 4 | J17: 1 | K17: 2 | L17: 1 | M17: 1 | N17: 0 | O17: 1 | P17: 0 | Q17: =(E17-(F17+G17+H17))+(F17*2)+(G17*3)+(H17*4) -> 3 | R17: =C17+K17+M17+N17+O17+P17 -> 9 | T17: 2 | U17: 1 | V17: 1 | W17: 0 | X17: 0 | Y17: 0 | Z17: 1 | AA17: 0 | AB17: 0 | AC17: 0 | AD17: 1 | AE17: 1 | AF17: 1 | AG17: 0 | AH17: =(V17-(W17+X17+Y17))+(W17*2)+(X17*3)+(Y17*4) -> 1 | AI17: =T17+AB17+AD17+AE17+AF17+AG17 -> 5
A18: Carlos Morales | B18: 11 | C18: 2 | D18: 2 | E18: 1 | F18: 0 | G18: 0 | H18: 0 | I18: 2 | J18: 0 | K18: 0 | L18: 1 | M18: 0 | N18: 1 | O18: 1 | P18: 0 | Q18: =(E18-(F18+G18+H18))+(F18*2)+(G18*3)+(H18*4) -> 1 | R18: =C18+K18+M18+N18+O18+P18 -> 4 | T18: 3 | U18: 3 | V18: 3 | W18: 0 | X18: 0 | Y18: 0 | Z18: 0 | AA18: 1 | AB18: 0 | AC18: 1 | AD18: 0 | AE18: 1 | AF18: 0 | AG18: 0 | AH18: =(V18-(W18+X18+Y18))+(W18*2)+(X18*3)+(Y18*4) -> 3 | AI18: =T18+AB18+AD18+AE18+AF18+AG18 -> 4
A19: Carlos Cruz | B19: 12 | C19: 4 | D19: 1 | E19: 1 | F19: 1 | G19: 0 | H19: 0 | I19: 2 | J19: 2 | K19: 0 | L19: 0 | M19: 1 | N19: 1 | O19: 1 | P19: 0 | Q19: =(E19-(F19+G19+H19))+(F19*2)+(G19*3)+(H19*4) -> 2 | R19: =C19+K19+M19+N19+O19+P19 -> 7 | T19: 4 | U19: 2 | V19: 0 | W19: 0 | X19: 0 | Y19: 0 | Z19: 1 | AA19: 0 | AB19: 0 | AC19: 0 | AD19: 0 | AE19: 0 | AF19: 0 | AG19: 0 | AH19: =(V19-(W19+X19+Y19))+(W19*2)+(X19*3)+(Y19*4) -> 0 | AI19: =T19+AB19+AD19+AE19+AF19+AG19 -> 4
... A32: Jose Torres | B32: 25 | C32: 3 | D32: 2 | E32: 0 | F32: 0 | G32: 0 | H32: 0 | I32: 0 | J32: 2 | K32: 2 | L32: 0 | M32: 0 | N32: 1 | O32: 1 | P32: 0 | Q32: =(E32-(F32+G32+H32))+(F32*2)+(G32*3)+(H32*4) -> 0 | R32: =C32+K32+M32+N32+O32+P32 -> 7 | T32: 3 | U32: 0 | V32: 3 | W32: 0 | X32: 0 | Y32: 1 | Z32: 0 | AA32: 1 | AB32: 2 | AC32: 1 | AD32: 1 | AE32: 1 | AF32: 0 | AG32: 0 | AH32: =(V32-(W32+X32+Y32))+(W32*2)+(X32*3)+(Y32*4) -> 6 | AI32: =T32+AB32+AD32+AE32+AF32+AG32 -> 7
A33: TOTALES : | C33: =SUM(C8:C32) -> 102 | D33: =SUM(D8:D32) -> 53 | E33: =SUM(E8:E32) -> 41 | F33: =SUM(F8:F32) -> 5 | G33: =SUM(G8:G32) -> 0 | H33: =SUM(H8:H32) -> 1 | I33: =SUM(I8:I32) -> 39 | J33: =SUM(J8:J32) -> 26 | ... R33: =SUM(R8:R32) -> 175 | T33: =SUM(T8:T32) -> 82 | U33: =SUM(U8:U32) -> 43 | V33: =SUM(V8:V32) -> 44 | W33: =SUM(W8:W32) -> 2 | X33: =SUM(X8:X32) -> 2 | Y33: =SUM(Y8:Y32) -> 6 | Z33: =SUM(Z8:Z32) -> 34 | AA33: =SUM(AA8:AA32) -> 26 | ... AI33: =SUM(AI8:AI32) -> 143 | AK33: =SUM(AK8:AK32) -> 0 | AL33: =SUM(AL8:AL32) -> 0 | AM33: =SUM(AM8:AM32) -> 0 | AN33: =SUM(AN8:AN32) -> 0 | AO33: =SUM(AO8:AO32) -> 0 | AP33: =SUM(AP8:AP32) -> 0 | AQ33: =SUM(AQ8:AQ32) -> 0 | AR33: =SUM(AR8:AR32) -> 0 | ... AZ33: =SUM(AZ8:AZ32) -> 0 | BB33: =SUM(BB8:BB32) -> 0 | BC33: =SUM(BC8:BC32) -> 0 | BD33: =SUM(BD8:BD32) -> 0 | BE33: =SUM(BE8:BE32) -> 0 | BF33: =SUM(BF8:BF32) -> 0 | BG33: =SUM(BG8:BG32) -> 0 | BH33: =SUM(BH8:BH32) -> 0 | BI33: =SUM(BI8:BI32) -> 0 | ... BQ33: =SUM(BQ8:BQ32) -> 0 | BS33: =SUM(BS8:BS32) -> 0 | BT33: =SUM(BT8:BT32) -> 0 | BU33: =SUM(BU8:BU32) -> 0 | BV33: =SUM(BV8:BV32) -> 0 | BW33: =SUM(BW8:BW32) -> 0 | BX33: =SUM(BX8:BX32) -> 0 | BY33: =SUM(BY8:BY32) -> 0 | BZ33: =SUM(BZ8:BZ32) -> 0 | ... CH33: =SUM(CH8:CH32) -> 0 | CJ33: =SUM(CJ8:CJ32) -> 0 | CK33: =SUM(CK8:CK32) -> 0 | CL33: =SUM(CL8:CL32) -> 0 | CM33: =SUM(CM8:CM32) -> 0 | CN33: =SUM(CN8:CN32) -> 0 | CO33: =SUM(CO8:CO32) -> 0 | CP33: =SUM(CP8:CP32) -> 0 | CQ33: =SUM(CQ8:CQ32) -> 0 | ... CY33: =SUM(CY8:CY32) -> 0 | DA33: =SUM(DA8:DA32) -> 0 | DB33: =SUM(DB8:DB32) -> 0 | DC33: =SUM(DC8:DC32) -> 0 | DD33: =SUM(DD8:DD32) -> 0 | DE33: =SUM(DE8:DE32) -> 0 | DF33: =SUM(DF8:DF32) -> 0 | DG33: =SUM(DG8:DG32) -> 0 | DH33: =SUM(DH8:DH32) -> 0 | ... DP33: =SUM(DP8:DP32) -> 0 | DR33: =SUM(DR8:DR32) -> 0 | DS33: =SUM(DS8:DS32) -> 0 | DT33: =SUM(DT8:DT32) -> 0 | DU33: =SUM(DU8:DU32) -> 0 | DV33: =SUM(DV8:DV32) -> 0 | DW33: =SUM(DW8:DW32) -> 0 | DX33: =SUM(DX8:DX32) -> 0 | DY33: =SUM(DY8:DY32) -> 0 | ... EG33: =SUM(EG8:EG32) -> 0 | EI33: =SUM(EI8:EI32) -> 0 | EJ33: =SUM(EJ8:EJ32) -> 0 | EK33: =SUM(EK8:EK32) -> 0 | EL33: =SUM(EL8:EL32) -> 0 | EM33: =SUM(EM8:EM32) -> 0 | EN33: =SUM(EN8:EN32) -> 0 | EO33: =SUM(EO8:EO32) -> 0 | EP33: =SUM(EP8:EP32) -> 0 | ... EX33: =SUM(EX8:EX32) -> 0 | EZ33: =SUM(EZ8:EZ32) -> 0 | FA33: =SUM(FA8:FA32) -> 0 | FB33: =SUM(FB8:FB32) -> 0 | FC33: =SUM(FC8:FC32) -> 0 | FD33: =SUM(FD8:FD32) -> 0 | FE33: =SUM(FE8:FE32) -> 0 | FF33: =SUM(FF8:FF32) -> 0 | FG33: =SUM(FG8:FG32) -> 0 | ... FO33: =SUM(FO8:FO32) -> 0 | FQ33: =SUM(FQ8:FQ32) -> 0 | FR33: =SUM(FR8:FR32) -> 0 | FS33: =SUM(FS8:FS32) -> 0 | FT33: =SUM(FT8:FT32) -> 0 | FU33: =SUM(FU8:FU32) -> 0 | FV33: =SUM(FV8:FV32) -> 0 | FW33: =SUM(FW8:FW32) -> 0 | FX33: =SUM(FX8:FX32) -> 0 | ... GF33: =SUM(GF8:GF32) -> 0 | GH33: =SUM(GH8:GH32) -> 0 | GI33: =SUM(GI8:GI32) -> 0 | GJ33: =SUM(GJ8:GJ32) -> 0 | GK33: =SUM(GK8:GK32) -> 0 | GL33: =SUM(GL8:GL32) -> 0 | GM33: =SUM(GM8:GM32) -> 0 | GN33: =SUM(GN8:GN32) -> 0 | GO33: =SUM(GO8:GO32) -> 0 | ... GW33: =SUM(GW8:GW32) -> 0 | GY33: =SUM(GY8:GY32) -> 0 | GZ33: =SUM(GZ8:GZ32) -> 0 | HA33: =SUM(HA8:HA32) -> 0 | HB33: =SUM(HB8:HB32) -> 0 | HC33: =SUM(HC8:HC32) -> 0 | HD33: =SUM(HD8:HD32) -> 0 | HE33: =SUM(HE8:HE32) -> 0 | HF33: =SUM(HF8:HF32) -> 0 | ... HN33: =SUM(HN8:HN32) -> 0 | HP33: =SUM(HP8:HP32) -> 0 | HQ33: =SUM(HQ8:HQ32) -> 0 | HR33: =SUM(HR8:HR32) -> 0 | HS33: =SUM(HS8:HS32) -> 0 | HT33: =SUM(HT8:HT32) -> 0 | HU33: =SUM(HU8:HU32) -> 0 | HV33: =SUM(HV8:HV32) -> 0 | HW33: =SUM(HW8:HW32) -> 0 | ... IE33: =SUM(IE8:IE32) -> 0 | IG33: =SUM(IG8:IG32) -> 0 | IH33: =SUM(IH8:IH32) -> 0 | II33: =SUM(II8:II32) -> 0 | IJ33: =SUM(IJ8:IJ32) -> 0 | IK33: =SUM(IK8:IK32) -> 0 | IL33: =SUM(IL8:IL32) -> 0 | IM33: =SUM(IM8:IM32) -> 0 | IN33: =SUM(IN8:IN32) -> 0 | ... IV33: =SUM(IV8:IV32) -> 0
A35: LIDERES INDIVIDUAL
A36: NOMBRE | B36: No | C36: VB | D36: CA | E36: H | F36: 2B | G36: 3B | H36: HR | I36: CI | J36: K | K36: BB | L36: BR | M36: GP | N36: SH | O36: SF | P36: INT | Q36: BAL | R36: AL | T36: AV | U36: SLG
A37: =IF(A8="","",A8) -> Carlos Gonzalez | B37: =IF(B8="","",B8) -> 1 | C37: =C8+T8+AK8+BB8+BS8+CJ8+DA8+DR8+EI8+EZ8+FQ8+GH8+GY8+HP8+IG8 -> 7 | D37: =D8+U8+AL8+BC8+BT8+CK8+DB8+DS8+EJ8+FA8+FR8+GI8+GZ8+HQ8+IH8 -> 1 | E37: =E8+V8+AM8+BD8+BU8+CL8+DC8+DT8+EK8+FB8+FS8+GJ8+HA8+HR8+II8 -> 4 | F37: =F8+W8+AN8+BE8+BV8+CM8+DD8+DU8+EL8+FC8+FT8+GK8+HB8+HS8+IJ8 -> 0 | G37: =G8+X8+AO8+BF8+BW8+CN8+DE8+DV8+EM8+FD8+FU8+GL8+HC8+HT8+IK8 -> 0 | H37: =H8+Y8+AP8+BG8+BX8+CO8+DF8+DW8+EN8+FE8+FV8+GM8+HD8+HU8+IL8 -> 0 | I37: =I8+Z8+AQ8+BH8+BY8+CP8+DG8+DX8+EO8+FF8+FW8+GN8+HE8+HV8+IM8 -> 1 | J37: =J8+AA8+AR8+BI8+BZ8+CQ8+DH8+DY8+EP8+FG8+FX8+GO8+HF8+HW8+IN8 -> 3 | ... R37: =R8+AI8+AZ8+BQ8+CH8+CY8+DP8+EG8+EX8+FO8+GF8+GW8+HN8+IE8+IV8 -> 12 | T37: =IFERROR(E37/C37,0) -> 0.57142857 | U37: =IFERROR(Q37/C37,0) -> 0.57142857
A38: =IF(A9="","",A9) -> Carlos Perez | B38: =IF(B9="","",B9) -> 2 | C38: =C9+T9+AK9+BB9+BS9+CJ9+DA9+DR9+EI9+EZ9+FQ9+GH9+GY9+HP9+IG9 -> 7 | D38: =D9+U9+AL9+BC9+BT9+CK9+DB9+DS9+EJ9+FA9+FR9+GI9+GZ9+HQ9+IH9 -> 2 | E38: =E9+V9+AM9+BD9+BU9+CL9+DC9+DT9+EK9+FB9+FS9+GJ9+HA9+HR9+II9 -> 3 | F38: =F9+W9+AN9+BE9+BV9+CM9+DD9+DU9+EL9+FC9+FT9+GK9+HB9+HS9+IJ9 -> 0 | G38: =G9+X9+AO9+BF9+BW9+CN9+DE9+DV9+EM9+FD9+FU9+GL9+HC9+HT9+IK9 -> 0 | H38: =H9+Y9+AP9+BG9+BX9+CO9+DF9+DW9+EN9+FE9+FV9+GM9+HD9+HU9+IL9 -> 1 | I38: =I9+Z9+AQ9+BH9+BY9+CP9+DG9+DX9+EO9+FF9+FW9+GN9+HE9+HV9+IM9 -> 3 | J38: =J9+AA9+AR9+BI9+BZ9+CQ9+DH9+DY9+EP9+FG9+FX9+GO9+HF9+HW9+IN9 -> 2 | ... R38: =R9+AI9+AZ9+BQ9+CH9+CY9+DP9+EG9+EX9+FO9+GF9+GW9+HN9+IE9+IV9 -> 13 | T38: =IFERROR(E38/C38,0) -> 0.42857143 | U38: =IFERROR(Q38/C38,0) -> 0.85714286
A39: =IF(A10="","",A10) -> Carlos Sanchez | B39: =IF(B10="","",B10) -> 3 | C39: =C10+T10+AK10+BB10+BS10+CJ10+DA10+DR10+EI10+EZ10+FQ10+GH10+GY10+HP10+IG10 -> 7 | D39: =D10+U10+AL10+BC10+BT10+CK10+DB10+DS10+EJ10+FA10+FR10+GI10+GZ10+HQ10+IH10 -> 5 | E39: =E10+V10+AM10+BD10+BU10+CL10+DC10+DT10+EK10+FB10+FS10+GJ10+HA10+HR10+II10 -> 1 | F39: =F10+W10+AN10+BE10+BV10+CM10+DD10+DU10+EL10+FC10+FT10+GK10+HB10+HS10+IJ10 -> 1 | G39: =G10+X10+AO10+BF10+BW10+CN10+DE10+DV10+EM10+FD10+FU10+GL10+HC10+HT10+IK10 -> 0 | H39: =H10+Y10+AP10+BG10+BX10+CO10+DF10+DW10+EN10+FE10+FV10+GM10+HD10+HU10+IL10 -> 0 | I39: =I10+Z10+AQ10+BH10+BY10+CP10+DG10+DX10+EO10+FF10+FW10+GN10+HE10+HV10+IM10 -> 2 | J39: =J10+AA10+AR10+BI10+BZ10+CQ10+DH10+DY10+EP10+FG10+FX10+GO10+HF10+HW10+IN10 -> 4 | ... R39: =R10+AI10+AZ10+BQ10+CH10+CY10+DP10+EG10+EX10+FO10+GF10+GW10+HN10+IE10+IV10 -> 15 | T39: =IFERROR(E39/C39,0) -> 0.14285714 | U39: =IFERROR(Q39/C39,0) -> 0.28571429
A40: =IF(A11="","",A11) -> Carlos Ramirez | B40: =IF(B11="","",B11) -> 4 | C40: =C11+T11+AK11+BB11+BS11+CJ11+DA11+DR11+EI11+EZ11+FQ11+GH11+GY11+HP11+IG11 -> 7 | D40: =D11+U11+AL11+BC11+BT11+CK11+DB11+DS11+EJ11+FA11+FR11+GI11+GZ11+HQ11+IH11 -> 4 | E40: =E11+V11+AM11+BD11+BU11+CL11+DC11+DT11+EK11+FB11+FS11+GJ11+HA11+HR11+II11 -> 3 | F40: =F11+W11+AN11+BE11+BV11+CM11+DD11+DU11+EL11+FC11+FT11+GK11+HB11+HS11+IJ11 -> 0 | G40: =G11+X11+AO11+BF11+BW11+CN11+DE11+DV11+EM11+FD11+FU11+GL11+HC11+HT11+IK11 -> 0 | H40: =H11+Y11+AP11+BG11+BX11+CO11+DF11+DW11+EN11+FE11+FV11+GM11+HD11+HU11+IL11 -> 1 | I40: =I11+Z11+AQ11+BH11+BY11+CP11+DG11+DX11+EO11+FF11+FW11+GN11+HE11+HV11+IM11 -> 5 | J40: =J11+AA11+AR11+BI11+BZ11+CQ11+DH11+DY11+EP11+FG11+FX11+GO11+HF11+HW11+IN11 -> 2 | ... R40: =R11+AI11+AZ11+BQ11+CH11+CY11+DP11+EG11+EX11+FO11+GF11+GW11+HN11+IE11+IV11 -> 14 | T40: =IFERROR(E40/C40,0) -> 0.42857143 | U40: =IFERROR(Q40/C40,0) -> 0.85714286
A41: =IF(A12="","",A12) -> Carlos Torres | B41: =IF(B12="","",B12) -> 5 | C41: =C12+T12+AK12+BB12+BS12+CJ12+DA12+DR12+EI12+EZ12+FQ12+GH12+GY12+HP12+IG12 -> 10 | D41: =D12+U12+AL12+BC12+BT12+CK12+DB12+DS12+EJ12+FA12+FR12+GI12+GZ12+HQ12+IH12 -> 6 | E41: =E12+V12+AM12+BD12+BU12+CL12+DC12+DT12+EK12+FB12+FS12+GJ12+HA12+HR12+II12 -> 6 | F41: =F12+W12+AN12+BE12+BV12+CM12+DD12+DU12+EL12+FC12+FT12+GK12+HB12+HS12+IJ12 -> 0 | G41: =G12+X12+AO12+BF12+BW12+CN12+DE12+DV12+EM12+FD12+FU12+GL12+HC12+HT12+IK12 -> 1 | H41: =H12+Y12+AP12+BG12+BX12+CO12+DF12+DW12+EN12+FE12+FV12+GM12+HD12+HU12+IL12 -> 0 | I41: =I12+Z12+AQ12+BH12+BY12+CP12+DG12+DX12+EO12+FF12+FW12+GN12+HE12+HV12+IM12 -> 4 | J41: =J12+AA12+AR12+BI12+BZ12+CQ12+DH12+DY12+EP12+FG12+FX12+GO12+HF12+HW12+IN12 -> 1 | ... R41: =R12+AI12+AZ12+BQ12+CH12+CY12+DP12+EG12+EX12+FO12+GF12+GW12+HN12+IE12+IV12 -> 12 | T41: =IFERROR(E41/C41,0) -> 0.6 | U41: =IFERROR(Q41/C41,0) -> 0.8
A42: =IF(A13="","",A13) -> Carlos Flores | B42: =IF(B13="","",B13) -> 6 | C42: =C13+T13+AK13+BB13+BS13+CJ13+DA13+DR13+EI13+EZ13+FQ13+GH13+GY13+HP13+IG13 -> 9 | D42: =D13+U13+AL13+BC13+BT13+CK13+DB13+DS13+EJ13+FA13+FR13+GI13+GZ13+HQ13+IH13 -> 4 | E42: =E13+V13+AM13+BD13+BU13+CL13+DC13+DT13+EK13+FB13+FS13+GJ13+HA13+HR13+II13 -> 0 | F42: =F13+W13+AN13+BE13+BV13+CM13+DD13+DU13+EL13+FC13+FT13+GK13+HB13+HS13+IJ13 -> 0 | G42: =G13+X13+AO13+BF13+BW13+CN13+DE13+DV13+EM13+FD13+FU13+GL13+HC13+HT13+IK13 -> 0 | H42: =H13+Y13+AP13+BG13+BX13+CO13+DF13+DW13+EN13+FE13+FV13+GM13+HD13+HU13+IL13 -> 0 | I42: =I13+Z13+AQ13+BH13+BY13+CP13+DG13+DX13+EO13+FF13+FW13+GN13+HE13+HV13+IM13 -> 2 | J42: =J13+AA13+AR13+BI13+BZ13+CQ13+DH13+DY13+EP13+FG13+FX13+GO13+HF13+HW13+IN13 -> 2 | ... R42: =R13+AI13+AZ13+BQ13+CH13+CY13+DP13+EG13+EX13+FO13+GF13+GW13+HN13+IE13+IV13 -> 16 | T42: =IFERROR(E42/C42,0) -> 0 | U42: =IFERROR(Q42/C42,0) -> 0
A43: =IF(A14="","",A14) -> Carlos Rivera | B43: =IF(B14="","",B14) -> 7 | C43: =C14+T14+AK14+BB14+BS14+CJ14+DA14+DR14+EI14+EZ14+FQ14+GH14+GY14+HP14+IG14 -> 8 | D43: =D14+U14+AL14+BC14+BT14+CK14+DB14+DS14+EJ14+FA14+FR14+GI14+GZ14+HQ14+IH14 -> 6 | E43: =E14+V14+AM14+BD14+BU14+CL14+DC14+DT14+EK14+FB14+FS14+GJ14+HA14+HR14+II14 -> 4 | F43: =F14+W14+AN14+BE14+BV14+CM14+DD14+DU14+EL14+FC14+FT14+GK14+HB14+HS14+IJ14 -> 0 | G43: =G14+X14+AO14+BF14+BW14+CN14+DE14+DV14+EM14+FD14+FU14+GL14+HC14+HT14+IK14 -> 0 | H43: =H14+Y14+AP14+BG14+BX14+CO14+DF14+DW14+EN14+FE14+FV14+GM14+HD14+HU14+IL14 -> 1 | I43: =I14+Z14+AQ14+BH14+BY14+CP14+DG14+DX14+EO14+FF14+FW14+GN14+HE14+HV14+IM14 -> 5 | J43: =J14+AA14+AR14+BI14+BZ14+CQ14+DH14+DY14+EP14+FG14+FX14+GO14+HF14+HW14+IN14 -> 0 | ... R43: =R14+AI14+AZ14+BQ14+CH14+CY14+DP14+EG14+EX14+FO14+GF14+GW14+HN14+IE14+IV14 -> 13 | T43: =IFERROR(E43/C43,0) -> 0.5 | U43: =IFERROR(Q43/C43,0) -> 0.875
A44: =IF(A15="","",A15) -> Carlos Gomez | B44: =IF(B15="","",B15) -> 8 | C44: =C15+T15+AK15+BB15+BS15+CJ15+DA15+DR15+EI15+EZ15+FQ15+GH15+GY15+HP15+IG15 -> 7 | D44: =D15+U15+AL15+BC15+BT15+CK15+DB15+DS15+EJ15+FA15+FR15+GI15+GZ15+HQ15+IH15 -> 1 | E44: =E15+V15+AM15+BD15+BU15+CL15+DC15+DT15+EK15+FB15+FS15+GJ15+HA15+HR15+II15 -> 5 | F44: =F15+W15+AN15+BE15+BV15+CM15+DD15+DU15+EL15+FC15+FT15+GK15+HB15+HS15+IJ15 -> 0 | G44: =G15+X15+AO15+BF15+BW15+CN15+DE15+DV15+EM15+FD15+FU15+GL15+HC15+HT15+IK15 -> 0 | H44: =H15+Y15+AP15+BG15+BX15+CO15+DF15+DW15+EN15+FE15+FV15+GM15+HD15+HU15+IL15 -> 0 | I44: =I15+Z15+AQ15+BH15+BY15+CP15+DG15+DX15+EO15+FF15+FW15+GN15+HE15+HV15+IM15 -> 5 | J44: =J15+AA15+AR15+BI15+BZ15+CQ15+DH15+DY15+EP15+FG15+FX15+GO15+HF15+HW15+IN15 -> 0 | ... R44: =R15+AI15+AZ15+BQ15+CH15+CY15+DP15+EG15+EX15+FO15+GF15+GW15+HN15+IE15+IV15 -> 11 | T44: =IFERROR(E44/C44,0) -> 0.71428571 | U44: =IFERROR(Q44/C44,0) -> 0.71428571
A45: =IF(A16="","",A16) -> Carlos Diaz | B45: =IF(B16="","",B16) -> 9 | C45: =C16+T16+AK16+BB16+BS16+CJ16+DA16+DR16+EI16+EZ16+FQ16+GH16+GY16+HP16+IG16 -> 5 | D45: =D16+U16+AL16+BC16+BT16+CK16+DB16+DS16+EJ16+FA16+FR16+GI16+GZ16+HQ16+IH16 -> 5 | E45: =E16+V16+AM16+BD16+BU16+CL16+DC16+DT16+EK16+FB16+FS16+GJ16+HA16+HR16+II16 -> 1 | F45: =F16+W16+AN16+BE16+BV16+CM16+DD16+DU16+EL16+FC16+FT16+GK16+HB16+HS16+IJ16 -> 0 | G45: =G16+X16+AO16+BF16+BW16+CN16+DE16+DV16+EM16+FD16+FU16+GL16+HC16+HT16+IK16 -> 0 | H45: =H16+Y16+AP16+BG16+BX16+CO16+DF16+DW16+EN16+FE16+FV16+GM16+HD16+HU16+IL16 -> 1 | I45: =I16+Z16+AQ16+BH16+BY16+CP16+DG16+DX16+EO16+FF16+FW16+GN16+HE16+HV16+IM16 -> 1 | J45: =J16+AA16+AR16+BI16+BZ16+CQ16+DH16+DY16+EP16+FG16+FX16+GO16+HF16+HW16+IN16 -> 3 | ... R45: =R16+AI16+AZ16+BQ16+CH16+CY16+DP16+EG16+EX16+FO16+GF16+GW16+HN16+IE16+IV16 -> 6 | T45: =IFERROR(E45/C45,0) -> 0.2 | U45: =IFERROR(Q45/C45,0) -> 0.8
A46: =IF(A17="","",A17) -> Carlos Reyes | B46: =IF(B17="","",B17) -> 10 | C46: =C17+T17+AK17+BB17+BS17+CJ17+DA17+DR17+EI17+EZ17+FQ17+GH17+GY17+HP17+IG17 -> 7 | D46: =D17+U17+AL17+BC17+BT17+CK17+DB17+DS17+EJ17+FA17+FR17+GI17+GZ17+HQ17+IH17 -> 3 | E46: =E17+V17+AM17+BD17+BU17+CL17+DC17+DT17+EK17+FB17+FS17+GJ17+HA17+HR17+II17 -> 4 | F46: =F17+W17+AN17+BE17+BV17+CM17+DD17+DU17+EL17+FC17+FT17+GK17+HB17+HS17+IJ17 -> 0 | G46: =G17+X17+AO17+BF17+BW17+CN17+DE17+DV17+EM17+FD17+FU17+GL17+HC17+HT17+IK17 -> 0 | H46: =H17+Y17+AP17+BG17+BX17+CO17+DF17+DW17+EN17+FE17+FV17+GM17+HD17+HU17+IL17 -> 0 | I46: =I17+Z17+AQ17+BH17+BY17+CP17+DG17+DX17+EO17+FF17+FW17+GN17+HE17+HV17+IM17 -> 5 | J46: =J17+AA17+AR17+BI17+BZ17+CQ17+DH17+DY17+EP17+FG17+FX17+GO17+HF17+HW17+IN17 -> 1 | ... R46: =R17+AI17+AZ17+BQ17+CH17+CY17+DP17+EG17+EX17+FO17+GF17+GW17+HN17+IE17+IV17 -> 14 | T46: =IFERROR(E46/C46,0) -> 0.57142857 | U46: =IFERROR(Q46/C46,0) -> 0.57142857
A47: =IF(A18="","",A18) -> Carlos Morales | B47: =IF(B18="","",B18) -> 11 | C47: =C18+T18+AK18+BB18+BS18+CJ18+DA18+DR18+EI18+EZ18+FQ18+GH18+GY18+HP18+IG18 -> 5 | D47: =D18+U18+AL18+BC18+BT18+CK18+DB18+DS18+EJ18+FA18+FR18+GI18+GZ18+HQ18+IH18 -> 5 | E47: =E18+V18+AM18+BD18+BU18+CL18+DC18+DT18+EK18+FB18+FS18+GJ18+HA18+HR18+II18 -> 4 | F47: =F18+W18+AN18+BE18+BV18+CM18+DD18+DU18+EL18+FC18+FT18+GK18+HB18+HS18+IJ18 -> 0 | G47: =G18+X18+AO18+BF18+BW18+CN18+DE18+DV18+EM18+FD18+FU18+GL18+HC18+HT18+IK18 -> 0 | H47: =H18+Y18+AP18+BG18+BX18+CO18+DF18+DW18+EN18+FE18+FV18+GM18+HD18+HU18+IL18 -> 0 | I47: =I18+Z18+AQ18+BH18+BY18+CP18+DG18+DX18+EO18+FF18+FW18+GN18+HE18+HV18+IM18 -> 2 | J47: =J18+AA18+AR18+BI18+BZ18+CQ18+DH18+DY18+EP18+FG18+FX18+GO18+HF18+HW18+IN18 -> 1 | ... R47: =R18+AI18+AZ18+BQ18+CH18+CY18+DP18+EG18+EX18+FO18+GF18+GW18+HN18+IE18+IV18 -> 8 | T47: =IFERROR(E47/C47,0) -> 0.8 | U47: =IFERROR(Q47/C47,0) -> 0.8
A48: =IF(A19="","",A19) -> Carlos Cruz | B48: =IF(B19="","",B19) -> 12 | C48: =C19+T19+AK19+BB19+BS19+CJ19+DA19+DR19+EI19+EZ19+FQ19+GH19+GY19+HP19+IG19 -> 8 | D48: =D19+U19+AL19+BC19+BT19+CK19+DB19+DS19+EJ19+FA19+FR19+GI19+GZ19+HQ19+IH19 -> 3 | E48: =E19+V19+AM19+BD19+BU19+CL19+DC19+DT19+EK19+FB19+FS19+GJ19+HA19+HR19+II19 -> 1 | F48: =F19+W19+AN19+BE19+BV19+CM19+DD19+DU19+EL19+FC19+FT19+GK19+HB19+HS19+IJ19 -> 1 | G48: =G19+X19+AO19+BF19+BW19+CN19+DE19+DV19+EM19+FD19+FU19+GL19+HC19+HT19+IK19 -> 0 | H48: =H19+Y19+AP19+BG19+BX19+CO19+DF19+DW19+EN19+FE19+FV19+GM19+HD19+HU19+IL19 -> 0 | I48: =I19+Z19+AQ19+BH19+BY19+CP19+DG19+DX19+EO19+FF19+FW19+GN19+HE19+HV19+IM19 -> 3 | J48: =J19+AA19+AR19+BI19+BZ19+CQ19+DH19+DY19+EP19+FG19+FX19+GO19+HF19+HW19+IN19 -> 2 | ... R48: =R19+AI19+AZ19+BQ19+CH19+CY19+DP19+EG19+EX19+FO19+GF19+GW19+HN19+IE19+IV19 -> 11 | T48: =IFERROR(E48/C48,0) -> 0.125 | U48: =IFERROR(Q48/C48,0) -> 0.25
... A61: =IF(A32="","",A32) -> Jose Torres | B61: =IF(B32="","",B32) -> 25 | C61: =C32+T32+AK32+BB32+BS32+CJ32+DA32+DR32+EI32+EZ32+FQ32+GH32+GY32+HP32+IG32 -> 6 | D61: =D32+U32+AL32+BC32+BT32+CK32+DB32+DS32+EJ32+FA32+FR32+GI32+GZ32+HQ32+IH32 -> 2 | E61: =E32+V32+AM32+BD32+BU32+CL32+DC32+DT32+EK32+FB32+FS32+GJ32+HA32+HR32+II32 -> 3 | F61: =F32+W32+AN32+BE32+BV32+CM32+DD32+DU32+EL32+FC32+FT32+GK32+HB32+HS32+IJ32 -> 0 | G61: =G32+X32+AO32+BF32+BW32+CN32+DE32+DV32+EM32+FD32+FU32+GL32+HC32+HT32+IK32 -> 0 | H61: =H32+Y32+AP32+BG32+BX32+CO32+DF32+DW32+EN32+FE32+FV32+GM32+HD32+HU32+IL32 -> 1 | I61: =I32+Z32+AQ32+BH32+BY32+CP32+DG32+DX32+EO32+FF32+FW32+GN32+HE32+HV32+IM32 -> 0 | J61: =J32+AA32+AR32+BI32+BZ32+CQ32+DH32+DY32+EP32+FG32+FX32+GO32+HF32+HW32+IN32 -> 3 | ... R61: =R32+AI32+AZ32+BQ32+CH32+CY32+DP32+EG32+EX32+FO32+GF32+GW32+HN32+IE32+IV32 -> 14 | T61: =IFERROR(E61/C61,0) -> 0.5 | U61: =IFERROR(Q61/C61,0) -> 1
A62: TOTALES : | C62: =SUM(C37:C61) -> 184 | D62: =SUM(D37:D61) -> 96 | E62: =SUM(E37:E61) -> 85 | F62: =SUM(F37:F61) -> 7 | G62: =SUM(G37:G61) -> 2 | H62: =SUM(H37:H61) -> 7 | I62: =SUM(I37:I61) -> 73 | J62: =SUM(J37:J61) -> 52 | ... R62: =SUM(R37:R61) -> 318 | T62: =IFERROR(E62/C62,0) -> 0.46195652 | U62: =IFERROR(Q62/C62,0) -> 0.63586957
A64: L A N Z A D O R E S
A65: NOMBRE | B65: No | C65: P? | D65: G/P/S | E65: INN | F65: CL | G65: K | H65: H | I65: P? | J65: G/P/S | K65: INN | L65: CL | M65: K | N65: H | O65: P? | P65: G/P/S | Q65: INN | R65: CL | S65: K | T65: H | U65: P? | V65: G/P/S | W65: INN | X65: CL | Y65: K | Z65: H | AA65: P? | AB65: G/P/S | AC65: INN | AD65: CL | AE65: K | AF65: H | AG65: P? | AH65: G/P/S | AI65: INN | AJ65: CL | AK65: K | AL65: H | AM65: P? | AN65: G/P/S | AO65: INN | AP65: CL | AQ65: K | AR65: H | AS65: P? | AT65: G/P/S | AU65: INN | AV65: CL | AW65: K | AX65: H | AY65: P? | AZ65: G/P/S | BA65: INN | BB65: CL | BC65: K | BD65: H | BE65: P? | BF65: G/P/S | BG65: INN | BH65: CL | BI65: K | BJ65: H | BK65: P? | BL65: G/P/S | BM65: INN | BN65: CL | BO65: K | BP65: H | BQ65: P? | BR65: G/P/S | BS65: INN | BT65: CL | BU65: K | BV65: H | BW65: P? | BX65: G/P/S | BY65: INN | BZ65: CL | CA65: K | CB65: H | CC65: P? | CD65: G/P/S | CE65: INN | CF65: CL | CG65: K | CH65: H | CI65: P? | CJ65: G/P/S | CK65: INN | CL65: CL | CM65: K | CN65: H | CP65: JJ | CQ65: JG | CR65: JP | CS65: OUTS | CT65: INN | CU65: CL | CV65: K | CW65: H | CX65: PCL | CY65: SV
A66: =IF(A8="","",A8) -> Carlos Gonzalez | B66: =IF(B8="","",B8) -> 1 | C66: 1 | D66: G | E66: 2.1 | F66: 4 | G66: 4 | H66: 3 | I66: 1 | J66: G | K66: 2.1 | L66: 0 | M66: 1 | N66: 0 | CP66: =C66+I66+O66+U66+AA66+AG66+AM66+AS66+AY66+BE66+BK66+BQ66+BW66+CC66+CI66 -> 2 | CQ66: =COUNTIF(D66,"G")+COUNTIF(J66,"G")+COUNTIF(P66,"G")+COUNTIF(V66,"G")+COUNTIF(AB66,"G")+COUNTIF(AH66,"G")+COUNTIF(AN66,"G")+COUNTIF(AT66,"G")+COUNTIF(AZ66,"G")+COUNTIF(BF66,"G")+COUNTIF(BL66,"G")+COUNTIF(BR66,"G")+COUNTIF(BX66,"G")+COUNTIF(CD66,"G")+COUNTIF(CJ66,"G") -> 2 | CR66: =COUNTIF(D66,"P")+COUNTIF(J66,"P")+COUNTIF(P66,"P")+COUNTIF(V66,"P")+COUNTIF(AB66,"P")+COUNTIF(AH66,"P")+COUNTIF(AN66,"P")+COUNTIF(AT66,"P")+COUNTIF(AZ66,"P")+COUNTIF(BF66,"P")+COUNTIF(BL66,"P")+COUNTIF(BR66,"P")+COUNTIF(BX66,"P")+COUNTIF(CD66,"P")+COUNTIF(CJ66,"P") -> 0 | CS66: =(INT(E66)*3+(E66-INT(E66))*10)+(INT(K66)*3+(K66-INT(K66))*10)+(INT(Q66)*3+(Q66-INT(Q66))*10)+(INT(W66)*3+(W66-INT(W66))*10)+(INT(AC66)*3+(AC66-INT(AC66))*10)+(INT(AI66)*3+(AI66-INT(AI66))*10)+(INT(AO66)*3+(AO66-INT(AO66))*10)+(INT(AU66)*3+(AU66-INT(AU66))*10)+(INT(BA66)*3+(BA66-INT(BA66))*10)+(INT(BG66)*3+(BG66-INT(BG66))*10)+(INT(BM66)*3+(BM66-INT(BM66))*10)+(INT(BS66)*3+(BS66-INT(BS66))*10)+(INT(BY66)*3+(BY66-INT(BY66))*10)+(INT(CE66)*3+(CE66-INT(CE66))*10)+(INT(CK66)*3+(CK66-INT(CK66))*10) -> 14 | CT66: =INT(CS66/3)+MOD(CS66,3)/10 -> 4.2 | CU66: =F66+L66+R66+X66+AD66+AJ66+AP66+AV66+BB66+BH66+BN66+BT66+BZ66+CF66+CL66 -> 4 | CV66: =G66+M66+S66+Y66+AE66+AK66+AQ66+AW66+BC66+BI66+BO66+BU66+CA66+CG66+CM66 -> 5 | CW66: =H66+N66+T66+Z66+AF66+AL66+AR66+AX66+BD66+BJ66+BP66+BV66+CB66+CH66+CN66 -> 3 | CX66: =IFERROR(CU66*27/CS66,0) -> 7.7142857 | CY66: =COUNTIF(D66,"S")+COUNTIF(J66,"S")+COUNTIF(P66,"S")+COUNTIF(V66,"S")+COUNTIF(AB66,"S")+COUNTIF(AH66,"S")+COUNTIF(AN66,"S")+COUNTIF(AT66,"S")+COUNTIF(AZ66,"S")+COUNTIF(BF66,"S")+COUNTIF(BL66,"S")+COUNTIF(BR66,"S")+COUNTIF(BX66,"S")+COUNTIF(CD66,"S")+COUNTIF(CJ66,"S") -> 0
A67: =IF(A9="","",A9) -> Carlos Perez | B67: =IF(B9="","",B9) -> 2 | C67: 1 | D67: G | E67: 1 | F67: 2 | G67: 5 | H67: 2 | I67: 0 | CP67: =C67+I67+O67+U67+AA67+AG67+AM67+AS67+AY67+BE67+BK67+BQ67+BW67+CC67+CI67 -> 1 | CQ67: =COUNTIF(D67,"G")+COUNTIF(J67,"G")+COUNTIF(P67,"G")+COUNTIF(V67,"G")+COUNTIF(AB67,"G")+COUNTIF(AH67,"G")+COUNTIF(AN67,"G")+COUNTIF(AT67,"G")+COUNTIF(AZ67,"G")+COUNTIF(BF67,"G")+COUNTIF(BL67,"G")+COUNTIF(BR67,"G")+COUNTIF(BX67,"G")+COUNTIF(CD67,"G")+COUNTIF(CJ67,"G") -> 1 | CR67: =COUNTIF(D67,"P")+COUNTIF(J67,"P")+COUNTIF(P67,"P")+COUNTIF(V67,"P")+COUNTIF(AB67,"P")+COUNTIF(AH67,"P")+COUNTIF(AN67,"P")+COUNTIF(AT67,"P")+COUNTIF(AZ67,"P")+COUNTIF(BF67,"P")+COUNTIF(BL67,"P")+COUNTIF(BR67,"P")+COUNTIF(BX67,"P")+COUNTIF(CD67,"P")+COUNTIF(CJ67,"P") -> 0 | CS67: =(INT(E67)*3+(E67-INT(E67))*10)+(INT(K67)*3+(K67-INT(K67))*10)+(INT(Q67)*3+(Q67-INT(Q67))*10)+(INT(W67)*3+(W67-INT(W67))*10)+(INT(AC67)*3+(AC67-INT(AC67))*10)+(INT(AI67)*3+(AI67-INT(AI67))*10)+(INT(AO67)*3+(AO67-INT(AO67))*10)+(INT(AU67)*3+(AU67-INT(AU67))*10)+(INT(BA67)*3+(BA67-INT(BA67))*10)+(INT(BG67)*3+(BG67-INT(BG67))*10)+(INT(BM67)*3+(BM67-INT(BM67))*10)+(INT(BS67)*3+(BS67-INT(BS67))*10)+(INT(BY67)*3+(BY67-INT(BY67))*10)+(INT(CE67)*3+(CE67-INT(CE67))*10)+(INT(CK67)*3+(CK67-INT(CK67))*10) -> 3 | CT67: =INT(CS67/3)+MOD(CS67,3)/10 -> 1 | CU67: =F67+L67+R67+X67+AD67+AJ67+AP67+AV67+BB67+BH67+BN67+BT67+BZ67+CF67+CL67 -> 2 | CV67: =G67+M67+S67+Y67+AE67+AK67+AQ67+AW67+BC67+BI67+BO67+BU67+CA67+CG67+CM67 -> 5 | CW67: =H67+N67+T67+Z67+AF67+AL67+AR67+AX67+BD67+BJ67+BP67+BV67+CB67+CH67+CN67 -> 2 | CX67: =IFERROR(CU67*27/CS67,0) -> 18 | CY67: =COUNTIF(D67,"S")+COUNTIF(J67,"S")+COUNTIF(P67,"S")+COUNTIF(V67,"S")+COUNTIF(AB67,"S")+COUNTIF(AH67,"S")+COUNTIF(AN67,"S")+COUNTIF(AT67,"S")+COUNTIF(AZ67,"S")+COUNTIF(BF67,"S")+COUNTIF(BL67,"S")+COUNTIF(BR67,"S")+COUNTIF(BX67,"S")+COUNTIF(CD67,"S")+COUNTIF(CJ67,"S") -> 0
A68: =IF(A10="","",A10) -> Carlos Sanchez | B68: =IF(B10="","",B10) -> 3 | C68: 0 | I68: 1 | J68: G | K68: 1 | L68: 0 | M68: 5 | N68: 4 | CP68: =C68+I68+O68+U68+AA68+AG68+AM68+AS68+AY68+BE68+BK68+BQ68+BW68+CC68+CI68 -> 1 | CQ68: =COUNTIF(D68,"G")+COUNTIF(J68,"G")+COUNTIF(P68,"G")+COUNTIF(V68,"G")+COUNTIF(AB68,"G")+COUNTIF(AH68,"G")+COUNTIF(AN68,"G")+COUNTIF(AT68,"G")+COUNTIF(AZ68,"G")+COUNTIF(BF68,"G")+COUNTIF(BL68,"G")+COUNTIF(BR68,"G")+COUNTIF(BX68,"G")+COUNTIF(CD68,"G")+COUNTIF(CJ68,"G") -> 1 | CR68: =COUNTIF(D68,"P")+COUNTIF(J68,"P")+COUNTIF(P68,"P")+COUNTIF(V68,"P")+COUNTIF(AB68,"P")+COUNTIF(AH68,"P")+COUNTIF(AN68,"P")+COUNTIF(AT68,"P")+COUNTIF(AZ68,"P")+COUNTIF(BF68,"P")+COUNTIF(BL68,"P")+COUNTIF(BR68,"P")+COUNTIF(BX68,"P")+COUNTIF(CD68,"P")+COUNTIF(CJ68,"P") -> 0 | CS68: =(INT(E68)*3+(E68-INT(E68))*10)+(INT(K68)*3+(K68-INT(K68))*10)+(INT(Q68)*3+(Q68-INT(Q68))*10)+(INT(W68)*3+(W68-INT(W68))*10)+(INT(AC68)*3+(AC68-INT(AC68))*10)+(INT(AI68)*3+(AI68-INT(AI68))*10)+(INT(AO68)*3+(AO68-INT(AO68))*10)+(INT(AU68)*3+(AU68-INT(AU68))*10)+(INT(BA68)*3+(BA68-INT(BA68))*10)+(INT(BG68)*3+(BG68-INT(BG68))*10)+(INT(BM68)*3+(BM68-INT(BM68))*10)+(INT(BS68)*3+(BS68-INT(BS68))*10)+(INT(BY68)*3+(BY68-INT(BY68))*10)+(INT(CE68)*3+(CE68-INT(CE68))*10)+(INT(CK68)*3+(CK68-INT(CK68))*10) -> 3 | CT68: =INT(CS68/3)+MOD(CS68,3)/10 -> 1 | CU68: =F68+L68+R68+X68+AD68+AJ68+AP68+AV68+BB68+BH68+BN68+BT68+BZ68+CF68+CL68 -> 0 | CV68: =G68+M68+S68+Y68+AE68+AK68+AQ68+AW68+BC68+BI68+BO68+BU68+CA68+CG68+CM68 -> 5 | CW68: =H68+N68+T68+Z68+AF68+AL68+AR68+AX68+BD68+BJ68+BP68+BV68+CB68+CH68+CN68 -> 4 | CX68: =IFERROR(CU68*27/CS68,0) -> 0 | CY68: =COUNTIF(D68,"S")+COUNTIF(J68,"S")+COUNTIF(P68,"S")+COUNTIF(V68,"S")+COUNTIF(AB68,"S")+COUNTIF(AH68,"S")+COUNTIF(AN68,"S")+COUNTIF(AT68,"S")+COUNTIF(AZ68,"S")+COUNTIF(BF68,"S")+COUNTIF(BL68,"S")+COUNTIF(BR68,"S")+COUNTIF(BX68,"S")+COUNTIF(CD68,"S")+COUNTIF(CJ68,"S") -> 0
A69: =IF(A11="","",A11) -> Carlos Ramirez | B69: =IF(B11="","",B11) -> 4 | C69: 1 | D69: P | E69: 2.1 | F69: 0 | G69: 4 | H69: 0 | I69: 1 | J69: G | K69: 2.1 | L69: 0 | M69: 5 | N69: 4 | CP69: =C69+I69+O69+U69+AA69+AG69+AM69+AS69+AY69+BE69+BK69+BQ69+BW69+CC69+CI69 -> 2 | CQ69: =COUNTIF(D69,"G")+COUNTIF(J69,"G")+COUNTIF(P69,"G")+COUNTIF(V69,"G")+COUNTIF(AB69,"G")+COUNTIF(AH69,"G")+COUNTIF(AN69,"G")+COUNTIF(AT69,"G")+COUNTIF(AZ69,"G")+COUNTIF(BF69,"G")+COUNTIF(BL69,"G")+COUNTIF(BR69,"G")+COUNTIF(BX69,"G")+COUNTIF(CD69,"G")+COUNTIF(CJ69,"G") -> 1 | CR69: =COUNTIF(D69,"P")+COUNTIF(J69,"P")+COUNTIF(P69,"P")+COUNTIF(V69,"P")+COUNTIF(AB69,"P")+COUNTIF(AH69,"P")+COUNTIF(AN69,"P")+COUNTIF(AT69,"P")+COUNTIF(AZ69,"P")+COUNTIF(BF69,"P")+COUNTIF(BL69,"P")+COUNTIF(BR69,"P")+COUNTIF(BX69,"P")+COUNTIF(CD69,"P")+COUNTIF(CJ69,"P") -> 1 | CS69: =(INT(E69)*3+(E69-INT(E69))*10)+(INT(K69)*3+(K69-INT(K69))*10)+(INT(Q69)*3+(Q69-INT(Q69))*10)+(INT(W69)*3+(W69-INT(W69))*10)+(INT(AC69)*3+(AC69-INT(AC69))*10)+(INT(AI69)*3+(AI69-INT(AI69))*10)+(INT(AO69)*3+(AO69-INT(AO69))*10)+(INT(AU69)*3+(AU69-INT(AU69))*10)+(INT(BA69)*3+(BA69-INT(BA69))*10)+(INT(BG69)*3+(BG69-INT(BG69))*10)+(INT(BM69)*3+(BM69-INT(BM69))*10)+(INT(BS69)*3+(BS69-INT(BS69))*10)+(INT(BY69)*3+(BY69-INT(BY69))*10)+(INT(CE69)*3+(CE69-INT(CE69))*10)+(INT(CK69)*3+(CK69-INT(CK69))*10) -> 14 | CT69: =INT(CS69/3)+MOD(CS69,3)/10 -> 4.2 | CU69: =F69+L69+R69+X69+AD69+AJ69+AP69+AV69+BB69+BH69+BN69+BT69+BZ69+CF69+CL69 -> 0 | CV69: =G69+M69+S69+Y69+AE69+AK69+AQ69+AW69+BC69+BI69+BO69+BU69+CA69+CG69+CM69 -> 9 | CW69: =H69+N69+T69+Z69+AF69+AL69+AR69+AX69+BD69+BJ69+BP69+BV69+CB69+CH69+CN69 -> 4 | CX69: =IFERROR(CU69*27/CS69,0) -> 0 | CY69: =COUNTIF(D69,"S")+COUNTIF(J69,"S")+COUNTIF(P69,"S")+COUNTIF(V69,"S")+COUNTIF(AB69,"S")+COUNTIF(AH69,"S")+COUNTIF(AN69,"S")+COUNTIF(AT69,"S")+COUNTIF(AZ69,"S")+COUNTIF(BF69,"S")+COUNTIF(BL69,"S")+COUNTIF(BR69,"S")+COUNTIF(BX69,"S")+COUNTIF(CD69,"S")+COUNTIF(CJ69,"S") -> 0
A70: =IF(A12="","",A12) -> Carlos Torres | B70: =IF(B12="","",B12) -> 5 | C70: 0 | I70: 1 | J70: P | K70: 3 | L70: 1 | M70: 6 | N70: 2 | CP70: =C70+I70+O70+U70+AA70+AG70+AM70+AS70+AY70+BE70+BK70+BQ70+BW70+CC70+CI70 -> 1 | CQ70: =COUNTIF(D70,"G")+COUNTIF(J70,"G")+COUNTIF(P70,"G")+COUNTIF(V70,"G")+COUNTIF(AB70,"G")+COUNTIF(AH70,"G")+COUNTIF(AN70,"G")+COUNTIF(AT70,"G")+COUNTIF(AZ70,"G")+COUNTIF(BF70,"G")+COUNTIF(BL70,"G")+COUNTIF(BR70,"G")+COUNTIF(BX70,"G")+COUNTIF(CD70,"G")+COUNTIF(CJ70,"G") -> 0 | CR70: =COUNTIF(D70,"P")+COUNTIF(J70,"P")+COUNTIF(P70,"P")+COUNTIF(V70,"P")+COUNTIF(AB70,"P")+COUNTIF(AH70,"P")+COUNTIF(AN70,"P")+COUNTIF(AT70,"P")+COUNTIF(AZ70,"P")+COUNTIF(BF70,"P")+COUNTIF(BL70,"P")+COUNTIF(BR70,"P")+COUNTIF(BX70,"P")+COUNTIF(CD70,"P")+COUNTIF(CJ70,"P") -> 1 | CS70: =(INT(E70)*3+(E70-INT(E70))*10)+(INT(K70)*3+(K70-INT(K70))*10)+(INT(Q70)*3+(Q70-INT(Q70))*10)+(INT(W70)*3+(W70-INT(W70))*10)+(INT(AC70)*3+(AC70-INT(AC70))*10)+(INT(AI70)*3+(AI70-INT(AI70))*10)+(INT(AO70)*3+(AO70-INT(AO70))*10)+(INT(AU70)*3+(AU70-INT(AU70))*10)+(INT(BA70)*3+(BA70-INT(BA70))*10)+(INT(BG70)*3+(BG70-INT(BG70))*10)+(INT(BM70)*3+(BM70-INT(BM70))*10)+(INT(BS70)*3+(BS70-INT(BS70))*10)+(INT(BY70)*3+(BY70-INT(BY70))*10)+(INT(CE70)*3+(CE70-INT(CE70))*10)+(INT(CK70)*3+(CK70-INT(CK70))*10) -> 9 | CT70: =INT(CS70/3)+MOD(CS70,3)/10 -> 3 | CU70: =F70+L70+R70+X70+AD70+AJ70+AP70+AV70+BB70+BH70+BN70+BT70+BZ70+CF70+CL70 -> 1 | CV70: =G70+M70+S70+Y70+AE70+AK70+AQ70+AW70+BC70+BI70+BO70+BU70+CA70+CG70+CM70 -> 6 | CW70: =H70+N70+T70+Z70+AF70+AL70+AR70+AX70+BD70+BJ70+BP70+BV70+CB70+CH70+CN70 -> 2 | CX70: =IFERROR(CU70*27/CS70,0) -> 3 | CY70: =COUNTIF(D70,"S")+COUNTIF(J70,"S")+COUNTIF(P70,"S")+COUNTIF(V70,"S")+COUNTIF(AB70,"S")+COUNTIF(AH70,"S")+COUNTIF(AN70,"S")+COUNTIF(AT70,"S")+COUNTIF(AZ70,"S")+COUNTIF(BF70,"S")+COUNTIF(BL70,"S")+COUNTIF(BR70,"S")+COUNTIF(BX70,"S")+COUNTIF(CD70,"S")+COUNTIF(CJ70,"S") -> 0
A71: =IF(A13="","",A13) -> Carlos Flores | B71: =IF(B13="","",B13) -> 6 | C71: 0 | I71: 0 | CP71: =C71+I71+O71+U71+AA71+AG71+AM71+AS71+AY71+BE71+BK71+BQ71+BW71+CC71+CI71 -> 0 | CQ71: =COUNTIF(D71,"G")+COUNTIF(J71,"G")+COUNTIF(P71,"G")+COUNTIF(V71,"G")+COUNTIF(AB71,"G")+COUNTIF(AH71,"G")+COUNTIF(AN71,"G")+COUNTIF(AT71,"G")+COUNTIF(AZ71,"G")+COUNTIF(BF71,"G")+COUNTIF(BL71,"G")+COUNTIF(BR71,"G")+COUNTIF(BX71,"G")+COUNTIF(CD71,"G")+COUNTIF(CJ71,"G") -> 0 | CR71: =COUNTIF(D71,"P")+COUNTIF(J71,"P")+COUNTIF(P71,"P")+COUNTIF(V71,"P")+COUNTIF(AB71,"P")+COUNTIF(AH71,"P")+COUNTIF(AN71,"P")+COUNTIF(AT71,"P")+COUNTIF(AZ71,"P")+COUNTIF(BF71,"P")+COUNTIF(BL71,"P")+COUNTIF(BR71,"P")+COUNTIF(BX71,"P")+COUNTIF(CD71,"P")+COUNTIF(CJ71,"P") -> 0 | CS71: =(INT(E71)*3+(E71-INT(E71))*10)+(INT(K71)*3+(K71-INT(K71))*10)+(INT(Q71)*3+(Q71-INT(Q71))*10)+(INT(W71)*3+(W71-INT(W71))*10)+(INT(AC71)*3+(AC71-INT(AC71))*10)+(INT(AI71)*3+(AI71-INT(AI71))*10)+(INT(AO71)*3+(AO71-INT(AO71))*10)+(INT(AU71)*3+(AU71-INT(AU71))*10)+(INT(BA71)*3+(BA71-INT(BA71))*10)+(INT(BG71)*3+(BG71-INT(BG71))*10)+(INT(BM71)*3+(BM71-INT(BM71))*10)+(INT(BS71)*3+(BS71-INT(BS71))*10)+(INT(BY71)*3+(BY71-INT(BY71))*10)+(INT(CE71)*3+(CE71-INT(CE71))*10)+(INT(CK71)*3+(CK71-INT(CK71))*10) -> 0 | CT71: =INT(CS71/3)+MOD(CS71,3)/10 -> 0 | CU71: =F71+L71+R71+X71+AD71+AJ71+AP71+AV71+BB71+BH71+BN71+BT71+BZ71+CF71+CL71 -> 0 | CV71: =G71+M71+S71+Y71+AE71+AK71+AQ71+AW71+BC71+BI71+BO71+BU71+CA71+CG71+CM71 -> 0 | CW71: =H71+N71+T71+Z71+AF71+AL71+AR71+AX71+BD71+BJ71+BP71+BV71+CB71+CH71+CN71 -> 0 | CX71: =IFERROR(CU71*27/CS71,0) -> 0 | CY71: =COUNTIF(D71,"S")+COUNTIF(J71,"S")+COUNTIF(P71,"S")+COUNTIF(V71,"S")+COUNTIF(AB71,"S")+COUNTIF(AH71,"S")+COUNTIF(AN71,"S")+COUNTIF(AT71,"S")+COUNTIF(AZ71,"S")+COUNTIF(BF71,"S")+COUNTIF(BL71,"S")+COUNTIF(BR71,"S")+COUNTIF(BX71,"S")+COUNTIF(CD71,"S")+COUNTIF(CJ71,"S") -> 0
A72: =IF(A14="","",A14) -> Carlos Rivera | B72: =IF(B14="","",B14) -> 7 | C72: 1 | D72: P | E72: 1 | F72: 4 | G72: 4 | H72: 0 | I72: 1 | J72: G | K72: 1 | L72: 2 | M72: 2 | N72: 2 | CP72: =C72+I72+O72+U72+AA72+AG72+AM72+AS72+AY72+BE72+BK72+BQ72+BW72+CC72+CI72 -> 2 | CQ72: =COUNTIF(D72,"G")+COUNTIF(J72,"G")+COUNTIF(P72,"G")+COUNTIF(V72,"G")+COUNTIF(AB72,"G")+COUNTIF(AH72,"G")+COUNTIF(AN72,"G")+COUNTIF(AT72,"G")+COUNTIF(AZ72,"G")+COUNTIF(BF72,"G")+COUNTIF(BL72,"G")+COUNTIF(BR72,"G")+COUNTIF(BX72,"G")+COUNTIF(CD72,"G")+COUNTIF(CJ72,"G") -> 1 | CR72: =COUNTIF(D72,"P")+COUNTIF(J72,"P")+COUNTIF(P72,"P")+COUNTIF(V72,"P")+COUNTIF(AB72,"P")+COUNTIF(AH72,"P")+COUNTIF(AN72,"P")+COUNTIF(AT72,"P")+COUNTIF(AZ72,"P")+COUNTIF(BF72,"P")+COUNTIF(BL72,"P")+COUNTIF(BR72,"P")+COUNTIF(BX72,"P")+COUNTIF(CD72,"P")+COUNTIF(CJ72,"P") -> 1 | CS72: =(INT(E72)*3+(E72-INT(E72))*10)+(INT(K72)*3+(K72-INT(K72))*10)+(INT(Q72)*3+(Q72-INT(Q72))*10)+(INT(W72)*3+(W72-INT(W72))*10)+(INT(AC72)*3+(AC72-INT(AC72))*10)+(INT(AI72)*3+(AI72-INT(AI72))*10)+(INT(AO72)*3+(AO72-INT(AO72))*10)+(INT(AU72)*3+(AU72-INT(AU72))*10)+(INT(BA72)*3+(BA72-INT(BA72))*10)+(INT(BG72)*3+(BG72-INT(BG72))*10)+(INT(BM72)*3+(BM72-INT(BM72))*10)+(INT(BS72)*3+(BS72-INT(BS72))*10)+(INT(BY72)*3+(BY72-INT(BY72))*10)+(INT(CE72)*3+(CE72-INT(CE72))*10)+(INT(CK72)*3+(CK72-INT(CK72))*10) -> 6 | CT72: =INT(CS72/3)+MOD(CS72,3)/10 -> 2 | CU72: =F72+L72+R72+X72+AD72+AJ72+AP72+AV72+BB72+BH72+BN72+BT72+BZ72+CF72+CL72 -> 6 | CV72: =G72+M72+S72+Y72+AE72+AK72+AQ72+AW72+BC72+BI72+BO72+BU72+CA72+CG72+CM72 -> 6 | CW72: =H72+N72+T72+Z72+AF72+AL72+AR72+AX72+BD72+BJ72+BP72+BV72+CB72+CH72+CN72 -> 2 | CX72: =IFERROR(CU72*27/CS72,0) -> 27 | CY72: =COUNTIF(D72,"S")+COUNTIF(J72,"S")+COUNTIF(P72,"S")+COUNTIF(V72,"S")+COUNTIF(AB72,"S")+COUNTIF(AH72,"S")+COUNTIF(AN72,"S")+COUNTIF(AT72,"S")+COUNTIF(AZ72,"S")+COUNTIF(BF72,"S")+COUNTIF(BL72,"S")+COUNTIF(BR72,"S")+COUNTIF(BX72,"S")+COUNTIF(CD72,"S")+COUNTIF(CJ72,"S") -> 0
A73: =IF(A15="","",A15) -> Carlos Gomez | B73: =IF(B15="","",B15) -> 8 | C73: 1 | D73: P | E73: 2.2 | F73: 4 | G73: 3 | H73: 1 | I73: 1 | J73: G | K73: 2 | L73: 0 | M73: 1 | N73: 5 | CP73: =C73+I73+O73+U73+AA73+AG73+AM73+AS73+AY73+BE73+BK73+BQ73+BW73+CC73+CI73 -> 2 | CQ73: =COUNTIF(D73,"G")+COUNTIF(J73,"G")+COUNTIF(P73,"G")+COUNTIF(V73,"G")+COUNTIF(AB73,"G")+COUNTIF(AH73,"G")+COUNTIF(AN73,"G")+COUNTIF(AT73,"G")+COUNTIF(AZ73,"G")+COUNTIF(BF73,"G")+COUNTIF(BL73,"G")+COUNTIF(BR73,"G")+COUNTIF(BX73,"G")+COUNTIF(CD73,"G")+COUNTIF(CJ73,"G") -> 1 | CR73: =COUNTIF(D73,"P")+COUNTIF(J73,"P")+COUNTIF(P73,"P")+COUNTIF(V73,"P")+COUNTIF(AB73,"P")+COUNTIF(AH73,"P")+COUNTIF(AN73,"P")+COUNTIF(AT73,"P")+COUNTIF(AZ73,"P")+COUNTIF(BF73,"P")+COUNTIF(BL73,"P")+COUNTIF(BR73,"P")+COUNTIF(BX73,"P")+COUNTIF(CD73,"P")+COUNTIF(CJ73,"P") -> 1 | CS73: =(INT(E73)*3+(E73-INT(E73))*10)+(INT(K73)*3+(K73-INT(K73))*10)+(INT(Q73)*3+(Q73-INT(Q73))*10)+(INT(W73)*3+(W73-INT(W73))*10)+(INT(AC73)*3+(AC73-INT(AC73))*10)+(INT(AI73)*3+(AI73-INT(AI73))*10)+(INT(AO73)*3+(AO73-INT(AO73))*10)+(INT(AU73)*3+(AU73-INT(AU73))*10)+(INT(BA73)*3+(BA73-INT(BA73))*10)+(INT(BG73)*3+(BG73-INT(BG73))*10)+(INT(BM73)*3+(BM73-INT(BM73))*10)+(INT(BS73)*3+(BS73-INT(BS73))*10)+(INT(BY73)*3+(BY73-INT(BY73))*10)+(INT(CE73)*3+(CE73-INT(CE73))*10)+(INT(CK73)*3+(CK73-INT(CK73))*10) -> 14 | CT73: =INT(CS73/3)+MOD(CS73,3)/10 -> 4.2 | CU73: =F73+L73+R73+X73+AD73+AJ73+AP73+AV73+BB73+BH73+BN73+BT73+BZ73+CF73+CL73 -> 4 | CV73: =G73+M73+S73+Y73+AE73+AK73+AQ73+AW73+BC73+BI73+BO73+BU73+CA73+CG73+CM73 -> 4 | CW73: =H73+N73+T73+Z73+AF73+AL73+AR73+AX73+BD73+BJ73+BP73+BV73+CB73+CH73+CN73 -> 6 | CX73: =IFERROR(CU73*27/CS73,0) -> 7.7142857 | CY73: =COUNTIF(D73,"S")+COUNTIF(J73,"S")+COUNTIF(P73,"S")+COUNTIF(V73,"S")+COUNTIF(AB73,"S")+COUNTIF(AH73,"S")+COUNTIF(AN73,"S")+COUNTIF(AT73,"S")+COUNTIF(AZ73,"S")+COUNTIF(BF73,"S")+COUNTIF(BL73,"S")+COUNTIF(BR73,"S")+COUNTIF(BX73,"S")+COUNTIF(CD73,"S")+COUNTIF(CJ73,"S") -> 0
A74: =IF(A16="","",A16) -> Carlos Diaz | B74: =IF(B16="","",B16) -> 9 | C74: 0 | I74: 1 | J74: G | K74: 2.2 | L74: 2 | M74: 2 | N74: 1 | CP74: =C74+I74+O74+U74+AA74+AG74+AM74+AS74+AY74+BE74+BK74+BQ74+BW74+CC74+CI74 -> 1 | CQ74: =COUNTIF(D74,"G")+COUNTIF(J74,"G")+COUNTIF(P74,"G")+COUNTIF(V74,"G")+COUNTIF(AB74,"G")+COUNTIF(AH74,"G")+COUNTIF(AN74,"G")+COUNTIF(AT74,"G")+COUNTIF(AZ74,"G")+COUNTIF(BF74,"G")+COUNTIF(BL74,"G")+COUNTIF(BR74,"G")+COUNTIF(BX74,"G")+COUNTIF(CD74,"G")+COUNTIF(CJ74,"G") -> 1 | CR74: =COUNTIF(D74,"P")+COUNTIF(J74,"P")+COUNTIF(P74,"P")+COUNTIF(V74,"P")+COUNTIF(AB74,"P")+COUNTIF(AH74,"P")+COUNTIF(AN74,"P")+COUNTIF(AT74,"P")+COUNTIF(AZ74,"P")+COUNTIF(BF74,"P")+COUNTIF(BL74,"P")+COUNTIF(BR74,"P")+COUNTIF(BX74,"P")+COUNTIF(CD74,"P")+COUNTIF(CJ74,"P") -> 0 | CS74: =(INT(E74)*3+(E74-INT(E74))*10)+(INT(K74)*3+(K74-INT(K74))*10)+(INT(Q74)*3+(Q74-INT(Q74))*10)+(INT(W74)*3+(W74-INT(W74))*10)+(INT(AC74)*3+(AC74-INT(AC74))*10)+(INT(AI74)*3+(AI74-INT(AI74))*10)+(INT(AO74)*3+(AO74-INT(AO74))*10)+(INT(AU74)*3+(AU74-INT(AU74))*10)+(INT(BA74)*3+(BA74-INT(BA74))*10)+(INT(BG74)*3+(BG74-INT(BG74))*10)+(INT(BM74)*3+(BM74-INT(BM74))*10)+(INT(BS74)*3+(BS74-INT(BS74))*10)+(INT(BY74)*3+(BY74-INT(BY74))*10)+(INT(CE74)*3+(CE74-INT(CE74))*10)+(INT(CK74)*3+(CK74-INT(CK74))*10) -> 8 | CT74: =INT(CS74/3)+MOD(CS74,3)/10 -> 2.2 | CU74: =F74+L74+R74+X74+AD74+AJ74+AP74+AV74+BB74+BH74+BN74+BT74+BZ74+CF74+CL74 -> 2 | CV74: =G74+M74+S74+Y74+AE74+AK74+AQ74+AW74+BC74+BI74+BO74+BU74+CA74+CG74+CM74 -> 2 | CW74: =H74+N74+T74+Z74+AF74+AL74+AR74+AX74+BD74+BJ74+BP74+BV74+CB74+CH74+CN74 -> 1 | CX74: =IFERROR(CU74*27/CS74,0) -> 6.75 | CY74: =COUNTIF(D74,"S")+COUNTIF(J74,"S")+COUNTIF(P74,"S")+COUNTIF(V74,"S")+COUNTIF(AB74,"S")+COUNTIF(AH74,"S")+COUNTIF(AN74,"S")+COUNTIF(AT74,"S")+COUNTIF(AZ74,"S")+COUNTIF(BF74,"S")+COUNTIF(BL74,"S")+COUNTIF(BR74,"S")+COUNTIF(BX74,"S")+COUNTIF(CD74,"S")+COUNTIF(CJ74,"S") -> 0
A75: =IF(A17="","",A17) -> Carlos Reyes | B75: =IF(B17="","",B17) -> 10 | C75: 1 | D75: G | E75: 2 | F75: 3 | G75: 1 | H75: 0 | I75: 1 | J75: G | K75: 1 | L75: 0 | M75: 6 | N75: 0 | CP75: =C75+I75+O75+U75+AA75+AG75+AM75+AS75+AY75+BE75+BK75+BQ75+BW75+CC75+CI75 -> 2 | CQ75: =COUNTIF(D75,"G")+COUNTIF(J75,"G")+COUNTIF(P75,"G")+COUNTIF(V75,"G")+COUNTIF(AB75,"G")+COUNTIF(AH75,"G")+COUNTIF(AN75,"G")+COUNTIF(AT75,"G")+COUNTIF(AZ75,"G")+COUNTIF(BF75,"G")+COUNTIF(BL75,"G")+COUNTIF(BR75,"G")+COUNTIF(BX75,"G")+COUNTIF(CD75,"G")+COUNTIF(CJ75,"G") -> 2 | CR75: =COUNTIF(D75,"P")+COUNTIF(J75,"P")+COUNTIF(P75,"P")+COUNTIF(V75,"P")+COUNTIF(AB75,"P")+COUNTIF(AH75,"P")+COUNTIF(AN75,"P")+COUNTIF(AT75,"P")+COUNTIF(AZ75,"P")+COUNTIF(BF75,"P")+COUNTIF(BL75,"P")+COUNTIF(BR75,"P")+COUNTIF(BX75,"P")+COUNTIF(CD75,"P")+COUNTIF(CJ75,"P") -> 0 | CS75: =(INT(E75)*3+(E75-INT(E75))*10)+(INT(K75)*3+(K75-INT(K75))*10)+(INT(Q75)*3+(Q75-INT(Q75))*10)+(INT(W75)*3+(W75-INT(W75))*10)+(INT(AC75)*3+(AC75-INT(AC75))*10)+(INT(AI75)*3+(AI75-INT(AI75))*10)+(INT(AO75)*3+(AO75-INT(AO75))*10)+(INT(AU75)*3+(AU75-INT(AU75))*10)+(INT(BA75)*3+(BA75-INT(BA75))*10)+(INT(BG75)*3+(BG75-INT(BG75))*10)+(INT(BM75)*3+(BM75-INT(BM75))*10)+(INT(BS75)*3+(BS75-INT(BS75))*10)+(INT(BY75)*3+(BY75-INT(BY75))*10)+(INT(CE75)*3+(CE75-INT(CE75))*10)+(INT(CK75)*3+(CK75-INT(CK75))*10) -> 9 | CT75: =INT(CS75/3)+MOD(CS75,3)/10 -> 3 | CU75: =F75+L75+R75+X75+AD75+AJ75+AP75+AV75+BB75+BH75+BN75+BT75+BZ75+CF75+CL75 -> 3 | CV75: =G75+M75+S75+Y75+AE75+AK75+AQ75+AW75+BC75+BI75+BO75+BU75+CA75+CG75+CM75 -> 7 | CW75: =H75+N75+T75+Z75+AF75+AL75+AR75+AX75+BD75+BJ75+BP75+BV75+CB75+CH75+CN75 -> 0 | CX75: =IFERROR(CU75*27/CS75,0) -> 9 | CY75: =COUNTIF(D75,"S")+COUNTIF(J75,"S")+COUNTIF(P75,"S")+COUNTIF(V75,"S")+COUNTIF(AB75,"S")+COUNTIF(AH75,"S")+COUNTIF(AN75,"S")+COUNTIF(AT75,"S")+COUNTIF(AZ75,"S")+COUNTIF(BF75,"S")+COUNTIF(BL75,"S")+COUNTIF(BR75,"S")+COUNTIF(BX75,"S")+COUNTIF(CD75,"S")+COUNTIF(CJ75,"S") -> 0
A76: =IF(A18="","",A18) -> Carlos Morales | B76: =IF(B18="","",B18) -> 11 | C76: 0 | I76: 1 | J76: G | K76: 2.1 | L76: 0 | M76: 2 | N76: 2 | CP76: =C76+I76+O76+U76+AA76+AG76+AM76+AS76+AY76+BE76+BK76+BQ76+BW76+CC76+CI76 -> 1 | CQ76: =COUNTIF(D76,"G")+COUNTIF(J76,"G")+COUNTIF(P76,"G")+COUNTIF(V76,"G")+COUNTIF(AB76,"G")+COUNTIF(AH76,"G")+COUNTIF(AN76,"G")+COUNTIF(AT76,"G")+COUNTIF(AZ76,"G")+COUNTIF(BF76,"G")+COUNTIF(BL76,"G")+COUNTIF(BR76,"G")+COUNTIF(BX76,"G")+COUNTIF(CD76,"G")+COUNTIF(CJ76,"G") -> 1 | CR76: =COUNTIF(D76,"P")+COUNTIF(J76,"P")+COUNTIF(P76,"P")+COUNTIF(V76,"P")+COUNTIF(AB76,"P")+COUNTIF(AH76,"P")+COUNTIF(AN76,"P")+COUNTIF(AT76,"P")+COUNTIF(AZ76,"P")+COUNTIF(BF76,"P")+COUNTIF(BL76,"P")+COUNTIF(BR76,"P")+COUNTIF(BX76,"P")+COUNTIF(CD76,"P")+COUNTIF(CJ76,"P") -> 0 | CS76: =(INT(E76)*3+(E76-INT(E76))*10)+(INT(K76)*3+(K76-INT(K76))*10)+(INT(Q76)*3+(Q76-INT(Q76))*10)+(INT(W76)*3+(W76-INT(W76))*10)+(INT(AC76)*3+(AC76-INT(AC76))*10)+(INT(AI76)*3+(AI76-INT(AI76))*10)+(INT(AO76)*3+(AO76-INT(AO76))*10)+(INT(AU76)*3+(AU76-INT(AU76))*10)+(INT(BA76)*3+(BA76-INT(BA76))*10)+(INT(BG76)*3+(BG76-INT(BG76))*10)+(INT(BM76)*3+(BM76-INT(BM76))*10)+(INT(BS76)*3+(BS76-INT(BS76))*10)+(INT(BY76)*3+(BY76-INT(BY76))*10)+(INT(CE76)*3+(CE76-INT(CE76))*10)+(INT(CK76)*3+(CK76-INT(CK76))*10) -> 7 | CT76: =INT(CS76/3)+MOD(CS76,3)/10 -> 2.1 | CU76: =F76+L76+R76+X76+AD76+AJ76+AP76+AV76+BB76+BH76+BN76+BT76+BZ76+CF76+CL76 -> 0 | CV76: =G76+M76+S76+Y76+AE76+AK76+AQ76+AW76+BC76+BI76+BO76+BU76+CA76+CG76+CM76 -> 2 | CW76: =H76+N76+T76+Z76+AF76+AL76+AR76+AX76+BD76+BJ76+BP76+BV76+CB76+CH76+CN76 -> 2 | CX76: =IFERROR(CU76*27/CS76,0) -> 0 | CY76: =COUNTIF(D76,"S")+COUNTIF(J76,"S")+COUNTIF(P76,"S")+COUNTIF(V76,"S")+COUNTIF(AB76,"S")+COUNTIF(AH76,"S")+COUNTIF(AN76,"S")+COUNTIF(AT76,"S")+COUNTIF(AZ76,"S")+COUNTIF(BF76,"S")+COUNTIF(BL76,"S")+COUNTIF(BR76,"S")+COUNTIF(BX76,"S")+COUNTIF(CD76,"S")+COUNTIF(CJ76,"S") -> 0
A77: =IF(A19="","",A19) -> Carlos Cruz | B77: =IF(B19="","",B19) -> 12 | C77: 0 | I77: 1 | J77: P | K77: 2.1 | L77: 2 | M77: 5 | N77: 2 | CP77: =C77+I77+O77+U77+AA77+AG77+AM77+AS77+AY77+BE77+BK77+BQ77+BW77+CC77+CI77 -> 1 | CQ77: =COUNTIF(D77,"G")+COUNTIF(J77,"G")+COUNTIF(P77,"G")+COUNTIF(V77,"G")+COUNTIF(AB77,"G")+COUNTIF(AH77,"G")+COUNTIF(AN77,"G")+COUNTIF(AT77,"G")+COUNTIF(AZ77,"G")+COUNTIF(BF77,"G")+COUNTIF(BL77,"G")+COUNTIF(BR77,"G")+COUNTIF(BX77,"G")+COUNTIF(CD77,"G")+COUNTIF(CJ77,"G") -> 0 | CR77: =COUNTIF(D77,"P")+COUNTIF(J77,"P")+COUNTIF(P77,"P")+COUNTIF(V77,"P")+COUNTIF(AB77,"P")+COUNTIF(AH77,"P")+COUNTIF(AN77,"P")+COUNTIF(AT77,"P")+COUNTIF(AZ77,"P")+COUNTIF(BF77,"P")+COUNTIF(BL77,"P")+COUNTIF(BR77,"P")+COUNTIF(BX77,"P")+COUNTIF(CD77,"P")+COUNTIF(CJ77,"P") -> 1 | CS77: =(INT(E77)*3+(E77-INT(E77))*10)+(INT(K77)*3+(K77-INT(K77))*10)+(INT(Q77)*3+(Q77-INT(Q77))*10)+(INT(W77)*3+(W77-INT(W77))*10)+(INT(AC77)*3+(AC77-INT(AC77))*10)+(INT(AI77)*3+(AI77-INT(AI77))*10)+(INT(AO77)*3+(AO77-INT(AO77))*10)+(INT(AU77)*3+(AU77-INT(AU77))*10)+(INT(BA77)*3+(BA77-INT(BA77))*10)+(INT(BG77)*3+(BG77-INT(BG77))*10)+(INT(BM77)*3+(BM77-INT(BM77))*10)+(INT(BS77)*3+(BS77-INT(BS77))*10)+(INT(BY77)*3+(BY77-INT(BY77))*10)+(INT(CE77)*3+(CE77-INT(CE77))*10)+(INT(CK77)*3+(CK77-INT(CK77))*10) -> 7 | CT77: =INT(CS77/3)+MOD(CS77,3)/10 -> 2.1 | CU77: =F77+L77+R77+X77+AD77+AJ77+AP77+AV77+BB77+BH77+BN77+BT77+BZ77+CF77+CL77 -> 2 | CV77: =G77+M77+S77+Y77+AE77+AK77+AQ77+AW77+BC77+BI77+BO77+BU77+CA77+CG77+CM77 -> 5 | CW77: =H77+N77+T77+Z77+AF77+AL77+AR77+AX77+BD77+BJ77+BP77+BV77+CB77+CH77+CN77 -> 2 | CX77: =IFERROR(CU77*27/CS77,0) -> 7.7142857 | CY77: =COUNTIF(D77,"S")+COUNTIF(J77,"S")+COUNTIF(P77,"S")+COUNTIF(V77,"S")+COUNTIF(AB77,"S")+COUNTIF(AH77,"S")+COUNTIF(AN77,"S")+COUNTIF(AT77,"S")+COUNTIF(AZ77,"S")+COUNTIF(BF77,"S")+COUNTIF(BL77,"S")+COUNTIF(BR77,"S")+COUNTIF(BX77,"S")+COUNTIF(CD77,"S")+COUNTIF(CJ77,"S") -> 0
A78: =IF(A20="","",A20) -> Carlos Ortiz | B78: =IF(B20="","",B20) -> 13 | C78: 0 | I78: 0 | CP78: =C78+I78+O78+U78+AA78+AG78+AM78+AS78+AY78+BE78+BK78+BQ78+BW78+CC78+CI78 -> 0 | CQ78: =COUNTIF(D78,"G")+COUNTIF(J78,"G")+COUNTIF(P78,"G")+COUNTIF(V78,"G")+COUNTIF(AB78,"G")+COUNTIF(AH78,"G")+COUNTIF(AN78,"G")+COUNTIF(AT78,"G")+COUNTIF(AZ78,"G")+COUNTIF(BF78,"G")+COUNTIF(BL78,"G")+COUNTIF(BR78,"G")+COUNTIF(BX78,"G")+COUNTIF(CD78,"G")+COUNTIF(CJ78,"G") -> 0 | CR78: =COUNTIF(D78,"P")+COUNTIF(J78,"P")+COUNTIF(P78,"P")+COUNTIF(V78,"P")+COUNTIF(AB78,"P")+COUNTIF(AH78,"P")+COUNTIF(AN78,"P")+COUNTIF(AT78,"P")+COUNTIF(AZ78,"P")+COUNTIF(BF78,"P")+COUNTIF(BL78,"P")+COUNTIF(BR78,"P")+COUNTIF(BX78,"P")+COUNTIF(CD78,"P")+COUNTIF(CJ78,"P") -> 0 | CS78: =(INT(E78)*3+(E78-INT(E78))*10)+(INT(K78)*3+(K78-INT(K78))*10)+(INT(Q78)*3+(Q78-INT(Q78))*10)+(INT(W78)*3+(W78-INT(W78))*10)+(INT(AC78)*3+(AC78-INT(AC78))*10)+(INT(AI78)*3+(AI78-INT(AI78))*10)+(INT(AO78)*3+(AO78-INT(AO78))*10)+(INT(AU78)*3+(AU78-INT(AU78))*10)+(INT(BA78)*3+(BA78-INT(BA78))*10)+(INT(BG78)*3+(BG78-INT(BG78))*10)+(INT(BM78)*3+(BM78-INT(BM78))*10)+(INT(BS78)*3+(BS78-INT(BS78))*10)+(INT(BY78)*3+(BY78-INT(BY78))*10)+(INT(CE78)*3+(CE78-INT(CE78))*10)+(INT(CK78)*3+(CK78-INT(CK78))*10) -> 0 | CT78: =INT(CS78/3)+MOD(CS78,3)/10 -> 0 | CU78: =F78+L78+R78+X78+AD78+AJ78+AP78+AV78+BB78+BH78+BN78+BT78+BZ78+CF78+CL78 -> 0 | CV78: =G78+M78+S78+Y78+AE78+AK78+AQ78+AW78+BC78+BI78+BO78+BU78+CA78+CG78+CM78 -> 0 | CW78: =H78+N78+T78+Z78+AF78+AL78+AR78+AX78+BD78+BJ78+BP78+BV78+CB78+CH78+CN78 -> 0 | CX78: =IFERROR(CU78*27/CS78,0) -> 0 | CY78: =COUNTIF(D78,"S")+COUNTIF(J78,"S")+COUNTIF(P78,"S")+COUNTIF(V78,"S")+COUNTIF(AB78,"S")+COUNTIF(AH78,"S")+COUNTIF(AN78,"S")+COUNTIF(AT78,"S")+COUNTIF(AZ78,"S")+COUNTIF(BF78,"S")+COUNTIF(BL78,"S")+COUNTIF(BR78,"S")+COUNTIF(BX78,"S")+COUNTIF(CD78,"S")+COUNTIF(CJ78,"S") -> 0
A79: =IF(A21="","",A21) -> Carlos Gutierrez | B79: =IF(B21="","",B21) -> 14 | C79: 1 | D79: P | E79: 2.2 | F79: 3 | G79: 2 | H79: 3 | I79: 0 | CP79: =C79+I79+O79+U79+AA79+AG79+AM79+AS79+AY79+BE79+BK79+BQ79+BW79+CC79+CI79 -> 1 | CQ79: =COUNTIF(D79,"G")+COUNTIF(J79,"G")+COUNTIF(P79,"G")+COUNTIF(V79,"G")+COUNTIF(AB79,"G")+COUNTIF(AH79,"G")+COUNTIF(AN79,"G")+COUNTIF(AT79,"G")+COUNTIF(AZ79,"G")+COUNTIF(BF79,"G")+COUNTIF(BL79,"G")+COUNTIF(BR79,"G")+COUNTIF(BX79,"G")+COUNTIF(CD79,"G")+COUNTIF(CJ79,"G") -> 0 | CR79: =COUNTIF(D79,"P")+COUNTIF(J79,"P")+COUNTIF(P79,"P")+COUNTIF(V79,"P")+COUNTIF(AB79,"P")+COUNTIF(AH79,"P")+COUNTIF(AN79,"P")+COUNTIF(AT79,"P")+COUNTIF(AZ79,"P")+COUNTIF(BF79,"P")+COUNTIF(BL79,"P")+COUNTIF(BR79,"P")+COUNTIF(BX79,"P")+COUNTIF(CD79,"P")+COUNTIF(CJ79,"P") -> 1 | CS79: =(INT(E79)*3+(E79-INT(E79))*10)+(INT(K79)*3+(K79-INT(K79))*10)+(INT(Q79)*3+(Q79-INT(Q79))*10)+(INT(W79)*3+(W79-INT(W79))*10)+(INT(AC79)*3+(AC79-INT(AC79))*10)+(INT(AI79)*3+(AI79-INT(AI79))*10)+(INT(AO79)*3+(AO79-INT(AO79))*10)+(INT(AU79)*3+(AU79-INT(AU79))*10)+(INT(BA79)*3+(BA79-INT(BA79))*10)+(INT(BG79)*3+(BG79-INT(BG79))*10)+(INT(BM79)*3+(BM79-INT(BM79))*10)+(INT(BS79)*3+(BS79-INT(BS79))*10)+(INT(BY79)*3+(BY79-INT(BY79))*10)+(INT(CE79)*3+(CE79-INT(CE79))*10)+(INT(CK79)*3+(CK79-INT(CK79))*10) -> 8 | CT79: =INT(CS79/3)+MOD(CS79,3)/10 -> 2.2 | CU79: =F79+L79+R79+X79+AD79+AJ79+AP79+AV79+BB79+BH79+BN79+BT79+BZ79+CF79+CL79 -> 3 | CV79: =G79+M79+S79+Y79+AE79+AK79+AQ79+AW79+BC79+BI79+BO79+BU79+CA79+CG79+CM79 -> 2 | CW79: =H79+N79+T79+Z79+AF79+AL79+AR79+AX79+BD79+BJ79+BP79+BV79+CB79+CH79+CN79 -> 3 | CX79: =IFERROR(CU79*27/CS79,0) -> 10.125 | CY79: =COUNTIF(D79,"S")+COUNTIF(J79,"S")+COUNTIF(P79,"S")+COUNTIF(V79,"S")+COUNTIF(AB79,"S")+COUNTIF(AH79,"S")+COUNTIF(AN79,"S")+COUNTIF(AT79,"S")+COUNTIF(AZ79,"S")+COUNTIF(BF79,"S")+COUNTIF(BL79,"S")+COUNTIF(BR79,"S")+COUNTIF(BX79,"S")+COUNTIF(CD79,"S")+COUNTIF(CJ79,"S") -> 0
A80: =IF(A22="","",A22) -> Carlos Castillo | B80: =IF(B22="","",B22) -> 15 | C80: 0 | I80: 1 | J80: P | K80: 2.1 | L80: 2 | M80: 5 | N80: 5 | CP80: =C80+I80+O80+U80+AA80+AG80+AM80+AS80+AY80+BE80+BK80+BQ80+BW80+CC80+CI80 -> 1 | CQ80: =COUNTIF(D80,"G")+COUNTIF(J80,"G")+COUNTIF(P80,"G")+COUNTIF(V80,"G")+COUNTIF(AB80,"G")+COUNTIF(AH80,"G")+COUNTIF(AN80,"G")+COUNTIF(AT80,"G")+COUNTIF(AZ80,"G")+COUNTIF(BF80,"G")+COUNTIF(BL80,"G")+COUNTIF(BR80,"G")+COUNTIF(BX80,"G")+COUNTIF(CD80,"G")+COUNTIF(CJ80,"G") -> 0 | CR80: =COUNTIF(D80,"P")+COUNTIF(J80,"P")+COUNTIF(P80,"P")+COUNTIF(V80,"P")+COUNTIF(AB80,"P")+COUNTIF(AH80,"P")+COUNTIF(AN80,"P")+COUNTIF(AT80,"P")+COUNTIF(AZ80,"P")+COUNTIF(BF80,"P")+COUNTIF(BL80,"P")+COUNTIF(BR80,"P")+COUNTIF(BX80,"P")+COUNTIF(CD80,"P")+COUNTIF(CJ80,"P") -> 1 | CS80: =(INT(E80)*3+(E80-INT(E80))*10)+(INT(K80)*3+(K80-INT(K80))*10)+(INT(Q80)*3+(Q80-INT(Q80))*10)+(INT(W80)*3+(W80-INT(W80))*10)+(INT(AC80)*3+(AC80-INT(AC80))*10)+(INT(AI80)*3+(AI80-INT(AI80))*10)+(INT(AO80)*3+(AO80-INT(AO80))*10)+(INT(AU80)*3+(AU80-INT(AU80))*10)+(INT(BA80)*3+(BA80-INT(BA80))*10)+(INT(BG80)*3+(BG80-INT(BG80))*10)+(INT(BM80)*3+(BM80-INT(BM80))*10)+(INT(BS80)*3+(BS80-INT(BS80))*10)+(INT(BY80)*3+(BY80-INT(BY80))*10)+(INT(CE80)*3+(CE80-INT(CE80))*10)+(INT(CK80)*3+(CK80-INT(CK80))*10) -> 7 | CT80: =INT(CS80/3)+MOD(CS80,3)/10 -> 2.1 | CU80: =F80+L80+R80+X80+AD80+AJ80+AP80+AV80+BB80+BH80+BN80+BT80+BZ80+CF80+CL80 -> 2 | CV80: =G80+M80+S80+Y80+AE80+AK80+AQ80+AW80+BC80+BI80+BO80+BU80+CA80+CG80+CM80 -> 5 | CW80: =H80+N80+T80+Z80+AF80+AL80+AR80+AX80+BD80+BJ80+BP80+BV80+CB80+CH80+CN80 -> 5 | CX80: =IFERROR(CU80*27/CS80,0) -> 7.7142857 | CY80: =COUNTIF(D80,"S")+COUNTIF(J80,"S")+COUNTIF(P80,"S")+COUNTIF(V80,"S")+COUNTIF(AB80,"S")+COUNTIF(AH80,"S")+COUNTIF(AN80,"S")+COUNTIF(AT80,"S")+COUNTIF(AZ80,"S")+COUNTIF(BF80,"S")+COUNTIF(BL80,"S")+COUNTIF(BR80,"S")+COUNTIF(BX80,"S")+COUNTIF(CD80,"S")+COUNTIF(CJ80,"S") -> 0
A81: =IF(A23="","",A23) -> Jose Garcia | B81: =IF(B23="","",B23) -> 16 | C81: 0 | I81: 1 | J81: P | K81: 2 | L81: 4 | M81: 4 | N81: 5 | CP81: =C81+I81+O81+U81+AA81+AG81+AM81+AS81+AY81+BE81+BK81+BQ81+BW81+CC81+CI81 -> 1 | CQ81: =COUNTIF(D81,"G")+COUNTIF(J81,"G")+COUNTIF(P81,"G")+COUNTIF(V81,"G")+COUNTIF(AB81,"G")+COUNTIF(AH81,"G")+COUNTIF(AN81,"G")+COUNTIF(AT81,"G")+COUNTIF(AZ81,"G")+COUNTIF(BF81,"G")+COUNTIF(BL81,"G")+COUNTIF(BR81,"G")+COUNTIF(BX81,"G")+COUNTIF(CD81,"G")+COUNTIF(CJ81,"G") -> 0 | CR81: =COUNTIF(D81,"P")+COUNTIF(J81,"P")+COUNTIF(P81,"P")+COUNTIF(V81,"P")+COUNTIF(AB81,"P")+COUNTIF(AH81,"P")+COUNTIF(AN81,"P")+COUNTIF(AT81,"P")+COUNTIF(AZ81,"P")+COUNTIF(BF81,"P")+COUNTIF(BL81,"P")+COUNTIF(BR81,"P")+COUNTIF(BX81,"P")+COUNTIF(CD81,"P")+COUNTIF(CJ81,"P") -> 1 | CS81: =(INT(E81)*3+(E81-INT(E81))*10)+(INT(K81)*3+(K81-INT(K81))*10)+(INT(Q81)*3+(Q81-INT(Q81))*10)+(INT(W81)*3+(W81-INT(W81))*10)+(INT(AC81)*3+(AC81-INT(AC81))*10)+(INT(AI81)*3+(AI81-INT(AI81))*10)+(INT(AO81)*3+(AO81-INT(AO81))*10)+(INT(AU81)*3+(AU81-INT(AU81))*10)+(INT(BA81)*3+(BA81-INT(BA81))*10)+(INT(BG81)*3+(BG81-INT(BG81))*10)+(INT(BM81)*3+(BM81-INT(BM81))*10)+(INT(BS81)*3+(BS81-INT(BS81))*10)+(INT(BY81)*3+(BY81-INT(BY81))*10)+(INT(CE81)*3+(CE81-INT(CE81))*10)+(INT(CK81)*3+(CK81-INT(CK81))*10) -> 6 | CT81: =INT(CS81/3)+MOD(CS81,3)/10 -> 2 | CU81: =F81+L81+R81+X81+AD81+AJ81+AP81+AV81+BB81+BH81+BN81+BT81+BZ81+CF81+CL81 -> 4 | CV81: =G81+M81+S81+Y81+AE81+AK81+AQ81+AW81+BC81+BI81+BO81+BU81+CA81+CG81+CM81 -> 4 | CW81: =H81+N81+T81+Z81+AF81+AL81+AR81+AX81+BD81+BJ81+BP81+BV81+CB81+CH81+CN81 -> 5 | CX81: =IFERROR(CU81*27/CS81,0) -> 18 | CY81: =COUNTIF(D81,"S")+COUNTIF(J81,"S")+COUNTIF(P81,"S")+COUNTIF(V81,"S")+COUNTIF(AB81,"S")+COUNTIF(AH81,"S")+COUNTIF(AN81,"S")+COUNTIF(AT81,"S")+COUNTIF(AZ81,"S")+COUNTIF(BF81,"S")+COUNTIF(BL81,"S")+COUNTIF(BR81,"S")+COUNTIF(BX81,"S")+COUNTIF(CD81,"S")+COUNTIF(CJ81,"S") -> 0
A82: =IF(A24="","",A24) -> Jose Rodriguez | B82: =IF(B24="","",B24) -> 17 | C82: 0 | I82: 0 | CP82: =C82+I82+O82+U82+AA82+AG82+AM82+AS82+AY82+BE82+BK82+BQ82+BW82+CC82+CI82 -> 0 | CQ82: =COUNTIF(D82,"G")+COUNTIF(J82,"G")+COUNTIF(P82,"G")+COUNTIF(V82,"G")+COUNTIF(AB82,"G")+COUNTIF(AH82,"G")+COUNTIF(AN82,"G")+COUNTIF(AT82,"G")+COUNTIF(AZ82,"G")+COUNTIF(BF82,"G")+COUNTIF(BL82,"G")+COUNTIF(BR82,"G")+COUNTIF(BX82,"G")+COUNTIF(CD82,"G")+COUNTIF(CJ82,"G") -> 0 | CR82: =COUNTIF(D82,"P")+COUNTIF(J82,"P")+COUNTIF(P82,"P")+COUNTIF(V82,"P")+COUNTIF(AB82,"P")+COUNTIF(AH82,"P")+COUNTIF(AN82,"P")+COUNTIF(AT82,"P")+COUNTIF(AZ82,"P")+COUNTIF(BF82,"P")+COUNTIF(BL82,"P")+COUNTIF(BR82,"P")+COUNTIF(BX82,"P")+COUNTIF(CD82,"P")+COUNTIF(CJ82,"P") -> 0 | CS82: =(INT(E82)*3+(E82-INT(E82))*10)+(INT(K82)*3+(K82-INT(K82))*10)+(INT(Q82)*3+(Q82-INT(Q82))*10)+(INT(W82)*3+(W82-INT(W82))*10)+(INT(AC82)*3+(AC82-INT(AC82))*10)+(INT(AI82)*3+(AI82-INT(AI82))*10)+(INT(AO82)*3+(AO82-INT(AO82))*10)+(INT(AU82)*3+(AU82-INT(AU82))*10)+(INT(BA82)*3+(BA82-INT(BA82))*10)+(INT(BG82)*3+(BG82-INT(BG82))*10)+(INT(BM82)*3+(BM82-INT(BM82))*10)+(INT(BS82)*3+(BS82-INT(BS82))*10)+(INT(BY82)*3+(BY82-INT(BY82))*10)+(INT(CE82)*3+(CE82-INT(CE82))*10)+(INT(CK82)*3+(CK82-INT(CK82))*10) -> 0 | CT82: =INT(CS82/3)+MOD(CS82,3)/10 -> 0 | CU82: =F82+L82+R82+X82+AD82+AJ82+AP82+AV82+BB82+BH82+BN82+BT82+BZ82+CF82+CL82 -> 0 | CV82: =G82+M82+S82+Y82+AE82+AK82+AQ82+AW82+BC82+BI82+BO82+BU82+CA82+CG82+CM82 -> 0 | CW82: =H82+N82+T82+Z82+AF82+AL82+AR82+AX82+BD82+BJ82+BP82+BV82+CB82+CH82+CN82 -> 0 | CX82: =IFERROR(CU82*27/CS82,0) -> 0 | CY82: =COUNTIF(D82,"S")+COUNTIF(J82,"S")+COUNTIF(P82,"S")+COUNTIF(V82,"S")+COUNTIF(AB82,"S")+COUNTIF(AH82,"S")+COUNTIF(AN82,"S")+COUNTIF(AT82,"S")+COUNTIF(AZ82,"S")+COUNTIF(BF82,"S")+COUNTIF(BL82,"S")+COUNTIF(BR82,"S")+COUNTIF(BX82,"S")+COUNTIF(CD82,"S")+COUNTIF(CJ82,"S") -> 0
A83: =IF(A25="","",A25) -> Jose Martinez | B83: =IF(B25="","",B25) -> 18 | C83: 0 | I83: 0 | CP83: =C83+I83+O83+U83+AA83+AG83+AM83+AS83+AY83+BE83+BK83+BQ83+BW83+CC83+CI83 -> 0 | CQ83: =COUNTIF(D83,"G")+COUNTIF(J83,"G")+COUNTIF(P83,"G")+COUNTIF(V83,"G")+COUNTIF(AB83,"G")+COUNTIF(AH83,"G")+COUNTIF(AN83,"G")+COUNTIF(AT83,"G")+COUNTIF(AZ83,"G")+COUNTIF(BF83,"G")+COUNTIF(BL83,"G")+COUNTIF(BR83,"G")+COUNTIF(BX83,"G")+COUNTIF(CD83,"G")+COUNTIF(CJ83,"G") -> 0 | CR83: =COUNTIF(D83,"P")+COUNTIF(J83,"P")+COUNTIF(P83,"P")+COUNTIF(V83,"P")+COUNTIF(AB83,"P")+COUNTIF(AH83,"P")+COUNTIF(AN83,"P")+COUNTIF(AT83,"P")+COUNTIF(AZ83,"P")+COUNTIF(BF83,"P")+COUNTIF(BL83,"P")+COUNTIF(BR83,"P")+COUNTIF(BX83,"P")+COUNTIF(CD83,"P")+COUNTIF(CJ83,"P") -> 0 | CS83: =(INT(E83)*3+(E83-INT(E83))*10)+(INT(K83)*3+(K83-INT(K83))*10)+(INT(Q83)*3+(Q83-INT(Q83))*10)+(INT(W83)*3+(W83-INT(W83))*10)+(INT(AC83)*3+(AC83-INT(AC83))*10)+(INT(AI83)*3+(AI83-INT(AI83))*10)+(INT(AO83)*3+(AO83-INT(AO83))*10)+(INT(AU83)*3+(AU83-INT(AU83))*10)+(INT(BA83)*3+(BA83-INT(BA83))*10)+(INT(BG83)*3+(BG83-INT(BG83))*10)+(INT(BM83)*3+(BM83-INT(BM83))*10)+(INT(BS83)*3+(BS83-INT(BS83))*10)+(INT(BY83)*3+(BY83-INT(BY83))*10)+(INT(CE83)*3+(CE83-INT(CE83))*10)+(INT(CK83)*3+(CK83-INT(CK83))*10) -> 0 | CT83: =INT(CS83/3)+MOD(CS83,3)/10 -> 0 | CU83: =F83+L83+R83+X83+AD83+AJ83+AP83+AV83+BB83+BH83+BN83+BT83+BZ83+CF83+CL83 -> 0 | CV83: =G83+M83+S83+Y83+AE83+AK83+AQ83+AW83+BC83+BI83+BO83+BU83+CA83+CG83+CM83 -> 0 | CW83: =H83+N83+T83+Z83+AF83+AL83+AR83+AX83+BD83+BJ83+BP83+BV83+CB83+CH83+CN83 -> 0 | CX83: =IFERROR(CU83*27/CS83,0) -> 0 | CY83: =COUNTIF(D83,"S")+COUNTIF(J83,"S")+COUNTIF(P83,"S")+COUNTIF(V83,"S")+COUNTIF(AB83,"S")+COUNTIF(AH83,"S")+COUNTIF(AN83,"S")+COUNTIF(AT83,"S")+COUNTIF(AZ83,"S")+COUNTIF(BF83,"S")+COUNTIF(BL83,"S")+COUNTIF(BR83,"S")+COUNTIF(BX83,"S")+COUNTIF(CD83,"S")+COUNTIF(CJ83,"S") -> 0
A84: =IF(A26="","",A26) -> Jose Hernandez | B84: =IF(B26="","",B26) -> 19 | C84: 1 | D84: P | E84: 1.2 | F84: 2 | G84: 2 | H84: 3 | I84: 1 | J84: P | K84: 1.2 | L84: 2 | M84: 5 | N84: 2 | CP84: =C84+I84+O84+U84+AA84+AG84+AM84+AS84+AY84+BE84+BK84+BQ84+BW84+CC84+CI84 -> 2 | CQ84: =COUNTIF(D84,"G")+COUNTIF(J84,"G")+COUNTIF(P84,"G")+COUNTIF(V84,"G")+COUNTIF(AB84,"G")+COUNTIF(AH84,"G")+COUNTIF(AN84,"G")+COUNTIF(AT84,"G")+COUNTIF(AZ84,"G")+COUNTIF(BF84,"G")+COUNTIF(BL84,"G")+COUNTIF(BR84,"G")+COUNTIF(BX84,"G")+COUNTIF(CD84,"G")+COUNTIF(CJ84,"G") -> 0 | CR84: =COUNTIF(D84,"P")+COUNTIF(J84,"P")+COUNTIF(P84,"P")+COUNTIF(V84,"P")+COUNTIF(AB84,"P")+COUNTIF(AH84,"P")+COUNTIF(AN84,"P")+COUNTIF(AT84,"P")+COUNTIF(AZ84,"P")+COUNTIF(BF84,"P")+COUNTIF(BL84,"P")+COUNTIF(BR84,"P")+COUNTIF(BX84,"P")+COUNTIF(CD84,"P")+COUNTIF(CJ84,"P") -> 2 | CS84: =(INT(E84)*3+(E84-INT(E84))*10)+(INT(K84)*3+(K84-INT(K84))*10)+(INT(Q84)*3+(Q84-INT(Q84))*10)+(INT(W84)*3+(W84-INT(W84))*10)+(INT(AC84)*3+(AC84-INT(AC84))*10)+(INT(AI84)*3+(AI84-INT(AI84))*10)+(INT(AO84)*3+(AO84-INT(AO84))*10)+(INT(AU84)*3+(AU84-INT(AU84))*10)+(INT(BA84)*3+(BA84-INT(BA84))*10)+(INT(BG84)*3+(BG84-INT(BG84))*10)+(INT(BM84)*3+(BM84-INT(BM84))*10)+(INT(BS84)*3+(BS84-INT(BS84))*10)+(INT(BY84)*3+(BY84-INT(BY84))*10)+(INT(CE84)*3+(CE84-INT(CE84))*10)+(INT(CK84)*3+(CK84-INT(CK84))*10) -> 10 | CT84: =INT(CS84/3)+MOD(CS84,3)/10 -> 3.1 | CU84: =F84+L84+R84+X84+AD84+AJ84+AP84+AV84+BB84+BH84+BN84+BT84+BZ84+CF84+CL84 -> 4 | CV84: =G84+M84+S84+Y84+AE84+AK84+AQ84+AW84+BC84+BI84+BO84+BU84+CA84+CG84+CM84 -> 7 | CW84: =H84+N84+T84+Z84+AF84+AL84+AR84+AX84+BD84+BJ84+BP84+BV84+CB84+CH84+CN84 -> 5 | CX84: =IFERROR(CU84*27/CS84,0) -> 10.8 | CY84: =COUNTIF(D84,"S")+COUNTIF(J84,"S")+COUNTIF(P84,"S")+COUNTIF(V84,"S")+COUNTIF(AB84,"S")+COUNTIF(AH84,"S")+COUNTIF(AN84,"S")+COUNTIF(AT84,"S")+COUNTIF(AZ84,"S")+COUNTIF(BF84,"S")+COUNTIF(BL84,"S")+COUNTIF(BR84,"S")+COUNTIF(BX84,"S")+COUNTIF(CD84,"S")+COUNTIF(CJ84,"S") -> 0
A85: =IF(A27="","",A27) -> Jose Lopez | B85: =IF(B27="","",B27) -> 20 | C85: 1 | D85: P | E85: 3 | F85: 4 | G85: 1 | H85: 5 | I85: 1 | J85: P | K85: 1.2 | L85: 3 | M85: 6 | N85: 5 | CP85: =C85+I85+O85+U85+AA85+AG85+AM85+AS85+AY85+BE85+BK85+BQ85+BW85+CC85+CI85 -> 2 | CQ85: =COUNTIF(D85,"G")+COUNTIF(J85,"G")+COUNTIF(P85,"G")+COUNTIF(V85,"G")+COUNTIF(AB85,"G")+COUNTIF(AH85,"G")+COUNTIF(AN85,"G")+COUNTIF(AT85,"G")+COUNTIF(AZ85,"G")+COUNTIF(BF85,"G")+COUNTIF(BL85,"G")+COUNTIF(BR85,"G")+COUNTIF(BX85,"G")+COUNTIF(CD85,"G")+COUNTIF(CJ85,"G") -> 0 | CR85: =COUNTIF(D85,"P")+COUNTIF(J85,"P")+COUNTIF(P85,"P")+COUNTIF(V85,"P")+COUNTIF(AB85,"P")+COUNTIF(AH85,"P")+COUNTIF(AN85,"P")+COUNTIF(AT85,"P")+COUNTIF(AZ85,"P")+COUNTIF(BF85,"P")+COUNTIF(BL85,"P")+COUNTIF(BR85,"P")+COUNTIF(BX85,"P")+COUNTIF(CD85,"P")+COUNTIF(CJ85,"P") -> 2 | CS85: =(INT(E85)*3+(E85-INT(E85))*10)+(INT(K85)*3+(K85-INT(K85))*10)+(INT(Q85)*3+(Q85-INT(Q85))*10)+(INT(W85)*3+(W85-INT(W85))*10)+(INT(AC85)*3+(AC85-INT(AC85))*10)+(INT(AI85)*3+(AI85-INT(AI85))*10)+(INT(AO85)*3+(AO85-INT(AO85))*10)+(INT(AU85)*3+(AU85-INT(AU85))*10)+(INT(BA85)*3+(BA85-INT(BA85))*10)+(INT(BG85)*3+(BG85-INT(BG85))*10)+(INT(BM85)*3+(BM85-INT(BM85))*10)+(INT(BS85)*3+(BS85-INT(BS85))*10)+(INT(BY85)*3+(BY85-INT(BY85))*10)+(INT(CE85)*3+(CE85-INT(CE85))*10)+(INT(CK85)*3+(CK85-INT(CK85))*10) -> 14 | CT85: =INT(CS85/3)+MOD(CS85,3)/10 -> 4.2 | CU85: =F85+L85+R85+X85+AD85+AJ85+AP85+AV85+BB85+BH85+BN85+BT85+BZ85+CF85+CL85 -> 7 | CV85: =G85+M85+S85+Y85+AE85+AK85+AQ85+AW85+BC85+BI85+BO85+BU85+CA85+CG85+CM85 -> 7 | CW85: =H85+N85+T85+Z85+AF85+AL85+AR85+AX85+BD85+BJ85+BP85+BV85+CB85+CH85+CN85 -> 10 | CX85: =IFERROR(CU85*27/CS85,0) -> 13.5 | CY85: =COUNTIF(D85,"S")+COUNTIF(J85,"S")+COUNTIF(P85,"S")+COUNTIF(V85,"S")+COUNTIF(AB85,"S")+COUNTIF(AH85,"S")+COUNTIF(AN85,"S")+COUNTIF(AT85,"S")+COUNTIF(AZ85,"S")+COUNTIF(BF85,"S")+COUNTIF(BL85,"S")+COUNTIF(BR85,"S")+COUNTIF(BX85,"S")+COUNTIF(CD85,"S")+COUNTIF(CJ85,"S") -> 0
A86: =IF(A28="","",A28) -> Jose Gonzalez | B86: =IF(B28="","",B28) -> 21 | C86: 1 | D86: G | E86: 1.1 | F86: 4 | G86: 1 | H86: 4 | I86: 0 | CP86: =C86+I86+O86+U86+AA86+AG86+AM86+AS86+AY86+BE86+BK86+BQ86+BW86+CC86+CI86 -> 1 | CQ86: =COUNTIF(D86,"G")+COUNTIF(J86,"G")+COUNTIF(P86,"G")+COUNTIF(V86,"G")+COUNTIF(AB86,"G")+COUNTIF(AH86,"G")+COUNTIF(AN86,"G")+COUNTIF(AT86,"G")+COUNTIF(AZ86,"G")+COUNTIF(BF86,"G")+COUNTIF(BL86,"G")+COUNTIF(BR86,"G")+COUNTIF(BX86,"G")+COUNTIF(CD86,"G")+COUNTIF(CJ86,"G") -> 1 | CR86: =COUNTIF(D86,"P")+COUNTIF(J86,"P")+COUNTIF(P86,"P")+COUNTIF(V86,"P")+COUNTIF(AB86,"P")+COUNTIF(AH86,"P")+COUNTIF(AN86,"P")+COUNTIF(AT86,"P")+COUNTIF(AZ86,"P")+COUNTIF(BF86,"P")+COUNTIF(BL86,"P")+COUNTIF(BR86,"P")+COUNTIF(BX86,"P")+COUNTIF(CD86,"P")+COUNTIF(CJ86,"P") -> 0 | CS86: =(INT(E86)*3+(E86-INT(E86))*10)+(INT(K86)*3+(K86-INT(K86))*10)+(INT(Q86)*3+(Q86-INT(Q86))*10)+(INT(W86)*3+(W86-INT(W86))*10)+(INT(AC86)*3+(AC86-INT(AC86))*10)+(INT(AI86)*3+(AI86-INT(AI86))*10)+(INT(AO86)*3+(AO86-INT(AO86))*10)+(INT(AU86)*3+(AU86-INT(AU86))*10)+(INT(BA86)*3+(BA86-INT(BA86))*10)+(INT(BG86)*3+(BG86-INT(BG86))*10)+(INT(BM86)*3+(BM86-INT(BM86))*10)+(INT(BS86)*3+(BS86-INT(BS86))*10)+(INT(BY86)*3+(BY86-INT(BY86))*10)+(INT(CE86)*3+(CE86-INT(CE86))*10)+(INT(CK86)*3+(CK86-INT(CK86))*10) -> 4 | CT86: =INT(CS86/3)+MOD(CS86,3)/10 -> 1.1 | CU86: =F86+L86+R86+X86+AD86+AJ86+AP86+AV86+BB86+BH86+BN86+BT86+BZ86+CF86+CL86 -> 4 | CV86: =G86+M86+S86+Y86+AE86+AK86+AQ86+AW86+BC86+BI86+BO86+BU86+CA86+CG86+CM86 -> 1 | CW86: =H86+N86+T86+Z86+AF86+AL86+AR86+AX86+BD86+BJ86+BP86+BV86+CB86+CH86+CN86 -> 4 | CX86: =IFERROR(CU86*27/CS86,0) -> 27 | CY86: =COUNTIF(D86,"S")+COUNTIF(J86,"S")+COUNTIF(P86,"S")+COUNTIF(V86,"S")+COUNTIF(AB86,"S")+COUNTIF(AH86,"S")+COUNTIF(AN86,"S")+COUNTIF(AT86,"S")+COUNTIF(AZ86,"S")+COUNTIF(BF86,"S")+COUNTIF(BL86,"S")+COUNTIF(BR86,"S")+COUNTIF(BX86,"S")+COUNTIF(CD86,"S")+COUNTIF(CJ86,"S") -> 0
A87: =IF(A29="","",A29) -> Jose Perez | B87: =IF(B29="","",B29) -> 22 | C87: 1 | D87: G | E87: 2.1 | F87: 0 | G87: 4 | H87: 4 | I87: 0 | CP87: =C87+I87+O87+U87+AA87+AG87+AM87+AS87+AY87+BE87+BK87+BQ87+BW87+CC87+CI87 -> 1 | CQ87: =COUNTIF(D87,"G")+COUNTIF(J87,"G")+COUNTIF(P87,"G")+COUNTIF(V87,"G")+COUNTIF(AB87,"G")+COUNTIF(AH87,"G")+COUNTIF(AN87,"G")+COUNTIF(AT87,"G")+COUNTIF(AZ87,"G")+COUNTIF(BF87,"G")+COUNTIF(BL87,"G")+COUNTIF(BR87,"G")+COUNTIF(BX87,"G")+COUNTIF(CD87,"G")+COUNTIF(CJ87,"G") -> 1 | CR87: =COUNTIF(D87,"P")+COUNTIF(J87,"P")+COUNTIF(P87,"P")+COUNTIF(V87,"P")+COUNTIF(AB87,"P")+COUNTIF(AH87,"P")+COUNTIF(AN87,"P")+COUNTIF(AT87,"P")+COUNTIF(AZ87,"P")+COUNTIF(BF87,"P")+COUNTIF(BL87,"P")+COUNTIF(BR87,"P")+COUNTIF(BX87,"P")+COUNTIF(CD87,"P")+COUNTIF(CJ87,"P") -> 0 | CS87: =(INT(E87)*3+(E87-INT(E87))*10)+(INT(K87)*3+(K87-INT(K87))*10)+(INT(Q87)*3+(Q87-INT(Q87))*10)+(INT(W87)*3+(W87-INT(W87))*10)+(INT(AC87)*3+(AC87-INT(AC87))*10)+(INT(AI87)*3+(AI87-INT(AI87))*10)+(INT(AO87)*3+(AO87-INT(AO87))*10)+(INT(AU87)*3+(AU87-INT(AU87))*10)+(INT(BA87)*3+(BA87-INT(BA87))*10)+(INT(BG87)*3+(BG87-INT(BG87))*10)+(INT(BM87)*3+(BM87-INT(BM87))*10)+(INT(BS87)*3+(BS87-INT(BS87))*10)+(INT(BY87)*3+(BY87-INT(BY87))*10)+(INT(CE87)*3+(CE87-INT(CE87))*10)+(INT(CK87)*3+(CK87-INT(CK87))*10) -> 7 | CT87: =INT(CS87/3)+MOD(CS87,3)/10 -> 2.1 | CU87: =F87+L87+R87+X87+AD87+AJ87+AP87+AV87+BB87+BH87+BN87+BT87+BZ87+CF87+CL87 -> 0 | CV87: =G87+M87+S87+Y87+AE87+AK87+AQ87+AW87+BC87+BI87+BO87+BU87+CA87+CG87+CM87 -> 4 | CW87: =H87+N87+T87+Z87+AF87+AL87+AR87+AX87+BD87+BJ87+BP87+BV87+CB87+CH87+CN87 -> 4 | CX87: =IFERROR(CU87*27/CS87,0) -> 0 | CY87: =COUNTIF(D87,"S")+COUNTIF(J87,"S")+COUNTIF(P87,"S")+COUNTIF(V87,"S")+COUNTIF(AB87,"S")+COUNTIF(AH87,"S")+COUNTIF(AN87,"S")+COUNTIF(AT87,"S")+COUNTIF(AZ87,"S")+COUNTIF(BF87,"S")+COUNTIF(BL87,"S")+COUNTIF(BR87,"S")+COUNTIF(BX87,"S")+COUNTIF(CD87,"S")+COUNTIF(CJ87,"S") -> 0
A88: =IF(A30="","",A30) -> Jose Sanchez | B88: =IF(B30="","",B30) -> 23 | C88: 1 | D88: P | E88: 1.2 | F88: 1 | G88: 5 | H88: 4 | I88: 0 | CP88: =C88+I88+O88+U88+AA88+AG88+AM88+AS88+AY88+BE88+BK88+BQ88+BW88+CC88+CI88 -> 1 | CQ88: =COUNTIF(D88,"G")+COUNTIF(J88,"G")+COUNTIF(P88,"G")+COUNTIF(V88,"G")+COUNTIF(AB88,"G")+COUNTIF(AH88,"G")+COUNTIF(AN88,"G")+COUNTIF(AT88,"G")+COUNTIF(AZ88,"G")+COUNTIF(BF88,"G")+COUNTIF(BL88,"G")+COUNTIF(BR88,"G")+COUNTIF(BX88,"G")+COUNTIF(CD88,"G")+COUNTIF(CJ88,"G") -> 0 | CR88: =COUNTIF(D88,"P")+COUNTIF(J88,"P")+COUNTIF(P88,"P")+COUNTIF(V88,"P")+COUNTIF(AB88,"P")+COUNTIF(AH88,"P")+COUNTIF(AN88,"P")+COUNTIF(AT88,"P")+COUNTIF(AZ88,"P")+COUNTIF(BF88,"P")+COUNTIF(BL88,"P")+COUNTIF(BR88,"P")+COUNTIF(BX88,"P")+COUNTIF(CD88,"P")+COUNTIF(CJ88,"P") -> 1 | CS88: =(INT(E88)*3+(E88-INT(E88))*10)+(INT(K88)*3+(K88-INT(K88))*10)+(INT(Q88)*3+(Q88-INT(Q88))*10)+(INT(W88)*3+(W88-INT(W88))*10)+(INT(AC88)*3+(AC88-INT(AC88))*10)+(INT(AI88)*3+(AI88-INT(AI88))*10)+(INT(AO88)*3+(AO88-INT(AO88))*10)+(INT(AU88)*3+(AU88-INT(AU88))*10)+(INT(BA88)*3+(BA88-INT(BA88))*10)+(INT(BG88)*3+(BG88-INT(BG88))*10)+(INT(BM88)*3+(BM88-INT(BM88))*10)+(INT(BS88)*3+(BS88-INT(BS88))*10)+(INT(BY88)*3+(BY88-INT(BY88))*10)+(INT(CE88)*3+(CE88-INT(CE88))*10)+(INT(CK88)*3+(CK88-INT(CK88))*10) -> 5 | CT88: =INT(CS88/3)+MOD(CS88,3)/10 -> 1.2 | CU88: =F88+L88+R88+X88+AD88+AJ88+AP88+AV88+BB88+BH88+BN88+BT88+BZ88+CF88+CL88 -> 1 | CV88: =G88+M88+S88+Y88+AE88+AK88+AQ88+AW88+BC88+BI88+BO88+BU88+CA88+CG88+CM88 -> 5 | CW88: =H88+N88+T88+Z88+AF88+AL88+AR88+AX88+BD88+BJ88+BP88+BV88+CB88+CH88+CN88 -> 4 | CX88: =IFERROR(CU88*27/CS88,0) -> 5.4 | CY88: =COUNTIF(D88,"S")+COUNTIF(J88,"S")+COUNTIF(P88,"S")+COUNTIF(V88,"S")+COUNTIF(AB88,"S")+COUNTIF(AH88,"S")+COUNTIF(AN88,"S")+COUNTIF(AT88,"S")+COUNTIF(AZ88,"S")+COUNTIF(BF88,"S")+COUNTIF(BL88,"S")+COUNTIF(BR88,"S")+COUNTIF(BX88,"S")+COUNTIF(CD88,"S")+COUNTIF(CJ88,"S") -> 0
A89: =IF(A31="","",A31) -> Jose Ramirez | B89: =IF(B31="","",B31) -> 24 | C89: 1 | D89: G | E89: 1 | F89: 0 | G89: 5 | H89: 5 | I89: 1 | J89: P | K89: 2 | L89: 4 | M89: 6 | N89: 4 | CP89: =C89+I89+O89+U89+AA89+AG89+AM89+AS89+AY89+BE89+BK89+BQ89+BW89+CC89+CI89 -> 2 | CQ89: =COUNTIF(D89,"G")+COUNTIF(J89,"G")+COUNTIF(P89,"G")+COUNTIF(V89,"G")+COUNTIF(AB89,"G")+COUNTIF(AH89,"G")+COUNTIF(AN89,"G")+COUNTIF(AT89,"G")+COUNTIF(AZ89,"G")+COUNTIF(BF89,"G")+COUNTIF(BL89,"G")+COUNTIF(BR89,"G")+COUNTIF(BX89,"G")+COUNTIF(CD89,"G")+COUNTIF(CJ89,"G") -> 1 | CR89: =COUNTIF(D89,"P")+COUNTIF(J89,"P")+COUNTIF(P89,"P")+COUNTIF(V89,"P")+COUNTIF(AB89,"P")+COUNTIF(AH89,"P")+COUNTIF(AN89,"P")+COUNTIF(AT89,"P")+COUNTIF(AZ89,"P")+COUNTIF(BF89,"P")+COUNTIF(BL89,"P")+COUNTIF(BR89,"P")+COUNTIF(BX89,"P")+COUNTIF(CD89,"P")+COUNTIF(CJ89,"P") -> 1 | CS89: =(INT(E89)*3+(E89-INT(E89))*10)+(INT(K89)*3+(K89-INT(K89))*10)+(INT(Q89)*3+(Q89-INT(Q89))*10)+(INT(W89)*3+(W89-INT(W89))*10)+(INT(AC89)*3+(AC89-INT(AC89))*10)+(INT(AI89)*3+(AI89-INT(AI89))*10)+(INT(AO89)*3+(AO89-INT(AO89))*10)+(INT(AU89)*3+(AU89-INT(AU89))*10)+(INT(BA89)*3+(BA89-INT(BA89))*10)+(INT(BG89)*3+(BG89-INT(BG89))*10)+(INT(BM89)*3+(BM89-INT(BM89))*10)+(INT(BS89)*3+(BS89-INT(BS89))*10)+(INT(BY89)*3+(BY89-INT(BY89))*10)+(INT(CE89)*3+(CE89-INT(CE89))*10)+(INT(CK89)*3+(CK89-INT(CK89))*10) -> 9 | CT89: =INT(CS89/3)+MOD(CS89,3)/10 -> 3 | CU89: =F89+L89+R89+X89+AD89+AJ89+AP89+AV89+BB89+BH89+BN89+BT89+BZ89+CF89+CL89 -> 4 | CV89: =G89+M89+S89+Y89+AE89+AK89+AQ89+AW89+BC89+BI89+BO89+BU89+CA89+CG89+CM89 -> 11 | CW89: =H89+N89+T89+Z89+AF89+AL89+AR89+AX89+BD89+BJ89+BP89+BV89+CB89+CH89+CN89 -> 9 | CX89: =IFERROR(CU89*27/CS89,0) -> 12 | CY89: =COUNTIF(D89,"S")+COUNTIF(J89,"S")+COUNTIF(P89,"S")+COUNTIF(V89,"S")+COUNTIF(AB89,"S")+COUNTIF(AH89,"S")+COUNTIF(AN89,"S")+COUNTIF(AT89,"S")+COUNTIF(AZ89,"S")+COUNTIF(BF89,"S")+COUNTIF(BL89,"S")+COUNTIF(BR89,"S")+COUNTIF(BX89,"S")+COUNTIF(CD89,"S")+COUNTIF(CJ89,"S") -> 0
A90: =IF(A32="","",A32) -> Jose Torres | B90: =IF(B32="","",B32) -> 25 | C90: 0 | I90: 0 | CP90: =C90+I90+O90+U90+AA90+AG90+AM90+AS90+AY90+BE90+BK90+BQ90+BW90+CC90+CI90 -> 0 | CQ90: =COUNTIF(D90,"G")+COUNTIF(J90,"G")+COUNTIF(P90,"G")+COUNTIF(V90,"G")+COUNTIF(AB90,"G")+COUNTIF(AH90,"G")+COUNTIF(AN90,"G")+COUNTIF(AT90,"G")+COUNTIF(AZ90,"G")+COUNTIF(BF90,"G")+COUNTIF(BL90,"G")+COUNTIF(BR90,"G")+COUNTIF(BX90,"G")+COUNTIF(CD90,"G")+COUNTIF(CJ90,"G") -> 0 | CR90: =COUNTIF(D90,"P")+COUNTIF(J90,"P")+COUNTIF(P90,"P")+COUNTIF(V90,"P")+COUNTIF(AB90,"P")+COUNTIF(AH90,"P")+COUNTIF(AN90,"P")+COUNTIF(AT90,"P")+COUNTIF(AZ90,"P")+COUNTIF(BF90,"P")+COUNTIF(BL90,"P")+COUNTIF(BR90,"P")+COUNTIF(BX90,"P")+COUNTIF(CD90,"P")+COUNTIF(CJ90,"P") -> 0 | CS90: =(INT(E90)*3+(E90-INT(E90))*10)+(INT(K90)*3+(K90-INT(K90))*10)+(INT(Q90)*3+(Q90-INT(Q90))*10)+(INT(W90)*3+(W90-INT(W90))*10)+(INT(AC90)*3+(AC90-INT(AC90))*10)+(INT(AI90)*3+(AI90-INT(AI90))*10)+(INT(AO90)*3+(AO90-INT(AO90))*10)+(INT(AU90)*3+(AU90-INT(AU90))*10)+(INT(BA90)*3+(BA90-INT(BA90))*10)+(INT(BG90)*3+(BG90-INT(BG90))*10)+(INT(BM90)*3+(BM90-INT(BM90))*10)+(INT(BS90)*3+(BS90-INT(BS90))*10)+(INT(BY90)*3+(BY90-INT(BY90))*10)+(INT(CE90)*3+(CE90-INT(CE90))*10)+(INT(CK90)*3+(CK90-INT(CK90))*10) -> 0 | CT90: =INT(CS90/3)+MOD(CS90,3)/10 -> 0 | CU90: =F90+L90+R90+X90+AD90+AJ90+AP90+AV90+BB90+BH90+BN90+BT90+BZ90+CF90+CL90 -> 0 | CV90: =G90+M90+S90+Y90+AE90+AK90+AQ90+AW90+BC90+BI90+BO90+BU90+CA90+CG90+CM90 -> 0 | CW90: =H90+N90+T90+Z90+AF90+AL90+AR90+AX90+BD90+BJ90+BP90+BV90+CB90+CH90+CN90 -> 0 | CX90: =IFERROR(CU90*27/CS90,0) -> 0 | CY90: =COUNTIF(D90,"S")+COUNTIF(J90,"S")+COUNTIF(P90,"S")+COUNTIF(V90,"S")+COUNTIF(AB90,"S")+COUNTIF(AH90,"S")+COUNTIF(AN90,"S")+COUNTIF(AT90,"S")+COUNTIF(AZ90,"S")+COUNTIF(BF90,"S")+COUNTIF(BL90,"S")+COUNTIF(BR90,"S")+COUNTIF(BX90,"S")+COUNTIF(CD90,"S")+COUNTIF(CJ90,"S") -> 0
A91: TOTALES : | CP91: =SUM(CP66:CP90) -> 28 | CQ91: =SUM(CQ66:CQ90) -> 14 | CR91: =SUM(CR66:CR90) -> 14 | CS91: =SUM(CS66:CS90) -> 164 | CT91: =SUM(CT66:CT90) -> 50 | CU91: =SUM(CU66:CU90) -> 53 | CV91: =SUM(CV66:CV90) -> 102 | CW91: =SUM(CW66:CW90) -> 77 | ... CY91: =SUM(CY66:CY90) -> 0
A94: R E S U L T A D O S D E L E Q U I P O
A95: Juego | B95: Resultado | C95: CA | D95: CR
A96: 1 | B96: P | C96: 1 | D96: 8
A97: 2 | B97: P | C97: 2 | D97: 7
A98: 3
A99: 4
A100: 5
A101: 6
A102: 7
A103: 8
A104: 9
A105: 10
A106: 11
A107: 12
A108: 13
A109: 14
A110: 15
A111: TOTALES | B111: =COUNTIF(B96:B110,"G")+COUNTIF(B96:B110,"P")+COUNTIF(B96:B110,"E") -> 2 | C111: =COUNTIF(B96:B110,"G") -> 0 | D111: =COUNTIF(B96:B110,"P") -> 2 | E111: =COUNTIF(B96:B110,"E") -> 0 | F111: =SUM(C96:C110) -> 3 | G111: =SUM(D96:D110) -> 15

Sheet equipo3
A1: CORPORACION CRIOLLITOS DE VENEZUELA
A2: LIGA DE BEISBOL MENOR JUAN GUILLERMO GUZMAN
B4: CATEGORIA : INFANTIL
A6: Equipo 3 | C6: O F E N S I V A I N D I V I D U A L
A7: NOMBRE | B7: No | C7: VB | D7: CA | E7: H | F7: 2B | G7: 3B | H7: HR | I7: CI | J7: K | K7: BB | L7: BR | M7: GP | N7: SH | O7: SF | P7: INT | Q7: BAL | R7: AL | T7: VB | U7: CA | V7: H | W7: 2B | X7: 3B | Y7: HR | Z7: CI | AA7: K | AB7: BB | AC7: BR | AD7: GP | AE7: SH | AF7: SF | AG7: INT | AH7: BAL | AI7: AL | AK7: VB | AL7: CA | AM7: H | AN7: 2B | AO7: 3B | AP7: HR | AQ7: CI | AR7: K | AS7: BB | AT7: BR | AU7: GP | AV7: SH | AW7: SF | AX7: INT | AY7: BAL | AZ7: AL | BB7: VB | BC7: CA | BD7: H | BE7: 2B | BF7: 3B | BG7: HR | BH7: CI | BI7: K | BJ7: BB | BK7: BR | BL7: GP | BM7: SH | BN7: SF | BO7: INT | BP7: BAL | BQ7: AL | BS7: VB | BT7: CA | BU7: H | BV7: 2B | BW7: 3B | BX7: HR | BY7: CI | BZ7: K | CA7: BB | CB7: BR | CC7: GP | CD7: SH | CE7: SF | CF7: INT | CG7: BAL | CH7: AL | CJ7: VB | CK7: CA | CL7: H | CM7: 2B | CN7: 3B | CO7: HR | CP7: CI | CQ7: K | CR7: BB | CS7: BR | CT7: GP | CU7: SH | CV7: SF | CW7: INT | CX7: BAL | CY7: AL | DA7: VB | DB7: CA | DC7: H | DD7: 2B | DE7: 3B | DF7: HR | DG7: CI | DH7: K | DI7: BB | DJ7: BR | DK7: GP | DL7: SH | DM7: SF | DN7: INT | DO7: BAL | DP7: AL | DR7: VB | DS7: CA | DT7: H | DU7: 2B | DV7: 3B | DW7: HR | DX7: CI | DY7: K | DZ7: BB | EA7: BR | EB7: GP | EC7: SH | ED7: SF | EE7: INT | EF7: BAL | EG7: AL | EI7: VB | EJ7: CA | EK7: H | EL7: 2B | EM7: 3B | EN7: HR | EO7: CI | EP7: K | EQ7: BB | ER7: BR | ES7: GP | ET7: SH | EU7: SF | EV7: INT | EW7: BAL | EX7: AL | EZ7: VB | FA7: CA | FB7: H | FC7: 2B | FD7: 3B | FE7: HR | FF7: CI | FG7: K | FH7: BB | FI7: BR | FJ7: GP | FK7: SH | FL7: SF | FM7: INT | FN7: BAL | FO7: AL | FQ7: VB | FR7: CA | FS7: H | FT7: 2B | FU7: 3B | FV7: HR | FW7: CI | FX7: K | FY7: BB | FZ7: BR | GA7: GP | GB7: SH | GC7: SF | GD7: INT | GE7: BAL | GF7: AL | GH7: VB | GI7: CA | GJ7: H | GK7: 2B | GL7: 3B | GM7: HR | GN7: CI | GO7: K | GP7: BB | GQ7: BR | GR7: GP | GS7: SH | GT7: SF | GU7: INT | GV7: BAL | GW7: AL | GY7: VB | GZ7: CA | HA7: H | HB7: 2B | HC7: 3B | HD7: HR | HE7: CI | HF7: K | HG7: BB | HH7: BR | HI7: GP | HJ7: SH | HK7: SF | HL7: INT | HM7: BAL | HN7: AL | HP7: VB | HQ7: CA | HR7: H | HS7: 2B | HT7: 3B | HU7: HR | HV7: CI | HW7: K | HX7: BB | HY7: BR | HZ7: GP | IA7: SH | IB7: SF | IC7: INT | ID7: BAL | IE7: AL | IG7: VB | IH7: CA | II7: H | IJ7: 2B | IK7: 3B | IL7: HR | IM7: CI | IN7: K | IO7: BB | IP7: BR | IQ7: GP | IR7: SH | IS7: SF | IT7: INT | IU7: BAL | IV7: AL
A8: Jose Flores | B8: 1 | C8: 2 | D8: 0 | E8: 1 | F8: 0 | G8: 0 | H8: 0 | I8: 1 | J8: 0 | K8: 0 | L8: 0 | M8: 1 | N8: 1 | O8: 0 | P8: 0 | Q8: =(E8-(F8+G8+H8))+(F8*2)+(G8*3)+(H8*4) -> 1 | R8: =C8+K8+M8+N8+O8+P8 -> 4 | T8: 2 | U8: 1 | V8: 0 | W8: 0 | X8: 0 | Y8: 0 | Z8: 0 | AA8: 0 | AB8: 0 | AC8: 1 | AD8: 0 | AE8: 0 | AF8: 0 | AG8: 0 | AH8: =(V8-(W8+X8+Y8))+(W8*2)+(X8*3)+(Y8*4) -> 0 | AI8: =T8+AB8+AD8+AE8+AF8+AG8 -> 2
A9: Jose Rivera | B9: 2 | C9: 5 | D9: 2 | E9: 0 | F9: 0 | G9: 0 | H9: 0 | I9: 0 | J9: 2 | K9: 2 | L9: 0 | M9: 0 | N9: 1 | O9: 0 | P9: 0 | Q9: =(E9-(F9+G9+H9))+(F9*2)+(G9*3)+(H9*4) -> 0 | R9: =C9+K9+M9+N9+O9+P9 -> 8 | T9: 3 | U9: 2 | V9: 2 | W9: 0 | X9: 0 | Y9: 0 | Z9: 3 | AA9: 0 | AB9: 0 | AC9: 1 | AD9: 1 | AE9: 1 | AF9: 0 | AG9: 0 | AH9: =(V9-(W9+X9+Y9))+(W9*2)+(X9*3)+(Y9*4) -> 2 | AI9: =T9+AB9+AD9+AE9+AF9+AG9 -> 5
A10: Jose Gomez | B10: 3 | C10: 5 | D10: 1 | E10: 4 | F10: 0 | G10: 0 | H10: 0 | I10: 1 | J10: 1 | K10: 1 | L10: 0 | M10: 0 | N10: 1 | O10: 0 | P10: 0 | Q10: =(E10-(F10+G10+H10))+(F10*2)+(G10*3)+(H10*4) -> 4 | R10: =C10+K10+M10+N10+O10+P10 -> 7 | T10: 5 | U10: 0 | V10: 0 | W10: 0 | X10: 0 | Y10: 0 | Z10: 1 | AA10: 1 | AB10: 0 | AC10: 1 | AD10: 0 | AE10: 1 | AF10: 0 | AG10: 0 | AH10: =(V10-(W10+X10+Y10))+(W10*2)+(X10*3)+(Y10*4) -> 0 | AI10: =T10+AB10+AD10+AE10+AF10+AG10 -> 6
A11: Jose Diaz | B11: 4 | C11: 3 | D11: 3 | E11: 1 | F11: 0 | G11: 0 | H11: 0 | I11: 0 | J11: 2 | K11: 0 | L11: 1 | M11: 0 | N11: 0 | O11: 1 | P11: 0 | Q11: =(E11-(F11+G11+H11))+(F11*2)+(G11*3)+(H11*4) -> 1 | R11: =C11+K11+M11+N11+O11+P11 -> 4 | T11: 3 | U11: 3 | V11: 0 | W11: 0 | X11: 0 | Y11: 0 | Z11: 1 | AA11: 2 | AB11: 2 | AC11: 1 | AD11: 0 | AE11: 0 | AF11: 1 | AG11: 0 | AH11: =(V11-(W11+X11+Y11))+(W11*2)+(X11*3)+(Y11*4) -> 0 | AI11: =T11+AB11+AD11+AE11+AF11+AG11 -> 6
A12: Jose Reyes | B12: 5 | C12: 2 | D12: 0 | E12: 0 | F12: 0 | G12: 0 | H12: 0 | I12: 0 | J12: 2 | K12: 1 | L12: 0 | M12: 0 | N12: 1 | O12: 1 | P12: 0 | Q12: =(E12-(F12+G12+H12))+(F12*2)+(G12*3)+(H12*4) -> 0 | R12: =C12+K12+M12+N12+O12+P12 -> 5 | T12: 3 | U12: 0 | V12: 1 | W12: 1 | X12: 0 | Y12: 0 | Z12: 2 | AA12: 1 | AB12: 0 | AC12: 0 | AD12: 1 | AE12: 0 | AF12: 0 | AG12: 0 | AH12: =(V12-(W12+X12+Y12))+(W12*2)+(X12*3)+(Y12*4) -> 2 | AI12: =T12+AB12+AD12+AE12+AF12+AG12 -> 4
A13: Jose Morales | B13: 6 | C13: 4 | D13: 2 | E13: 2 | F13: 0 | G13: 0 | H13: 0 | I13: 2 | J13: 2 | K13: 0 | L13: 0 | M13: 1 | N13: 1 | O13: 1 | P13: 0 | Q13: =(E13-(F13+G13+H13))+(F13*2)+(G13*3)+(H13*4) -> 2 | R13: =C13+K13+M13+N13+O13+P13 -> 7 | T13: 4 | U13: 1 | V13: 4 | W13: 0 | X13: 0 | Y13: 0 | Z13: 4 | AA13: 1 | AB13: 0 | AC13: 1 | AD13: 1 | AE13: 1 | AF13: 1 | AG13: 0 | AH13: =(V13-(W13+X13+Y13))+(W13*2)+(X13*3)+(Y13*4) -> 4 | AI13: =T13+AB13+AD13+AE13+AF13+AG13 -> 7
A14: Jose Cruz | B14: 7 | C14: 2 | D14: 2 | E14: 0 | F14: 0 | G14: 0 | H14: 0 | I14: 1 | J14: 2 | K14: 2 | L14: 1 | M14: 1 | N14: 0 | O14: 1 | P14: 0 | Q14: =(E14-(F14+G14+H14))+(F14*2)+(G14*3)+(H14*4) -> 0 | R14: =C14+K14+M14+N14+O14+P14 -> 6 | T14: 3 | U14: 0 | V14: 3 | W14: 0 | X14: 1 | Y14: 0 | Z14: 3 | AA14: 2 | AB14: 2 | AC14: 0 | AD14: 1 | AE14: 0 | AF14: 0 | AG14: 0 | AH14: =(V14-(W14+X14+Y14))+(W14*2)+(X14*3)+(Y14*4) -> 5 | AI14: =T14+AB14+AD14+AE14+AF14+AG14 -> 6
A15: Jose Ortiz | B15: 8 | C15: 2 | D15: 0 | E15: 1 | F15: 0 | G15: 0 | H15: 0 | I15: 2 | J15: 0 | K15: 0 | L15: 1 | M15: 0 | N15: 1 | O15: 0 | P15: 0 | Q15: =(E15-(F15+G15+H15))+(F15*2)+(G15*3)+(H15*4) -> 1 | R15: =C15+K15+M15+N15+O15+P15 -> 3 | T15: 4 | U15: 4 | V15: 0 | W15: 0 | X15: 0 | Y15: 0 | Z15: 1 | AA15: 2 | AB15: 0 | AC15: 0 | AD15: 0 | AE15: 0 | AF15: 0 | AG15: 0 | AH15: =(V15-(W15+X15+Y15))+(W15*2)+(X15*3)+(Y15*4) -> 0 | AI15: =T15+AB15+AD15+AE15+AF15+AG15 -> 4
A16: Jose Gutierrez | B16: 9 | C16: 4 | D16: 1 | E16: 0 | F16: 0 | G16: 0 | H16: 0 | I16: 1 | J16: 0 | K16: 1 | L16: 1 | M16: 1 | N16: 0 | O16: 1 | P16: 0 | Q16: =(E16-(F16+G16+H16))+(F16*2)+(G16*3)+(H16*4) -> 0 | R16: =C16+K16+M16+N16+O16+P16 -> 7 | T16: 5 | U16: 2 | V16: 0 | W16: 0 | X16: 0 | Y16: 0 | Z16: 0 | AA16: 2 | AB16: 2 | AC16: 1 | AD16: 0 | AE16: 0 | AF16: 0 | AG16: 0 | AH16: =(V16-(W16+X16+Y16))+(W16*2)+(X16*3)+(Y16*4) -> 0 | AI16: =T16+AB16+AD16+AE16+AF16+AG16 -> 7
A17: Jose Castillo | B17: 10 | C17: 2 | D17: 2 | E17: 2 | F17: 0 | G17: 0 | H17: 0 | I17: 2 | J17: 0 | K17: 2 | L17: 0 | M17: 1 | N17: 0 | O17: 0 | P17: 0 | Q17: =(E17-(F17+G17+H17))+(F17*2)+(G17*3)+(H17*4) -> 2 | R17: =C17+K17+M17+N17+O17+P17 -> 5 | T17: 2 | U17: 1 | V17: 0 | W17: 0 | X17: 0 | Y17: 0 | Z17: 1 | AA17: 2 | AB17: 0 | AC17: 0 | AD17: 0 | AE17: 1 | AF17: 1 | AG17: 0 | AH17: =(V17-(W17+X17+Y17))+(W17*2)+(X17*3)+(Y17*4) -> 0 | AI17: =T17+AB17+AD17+AE17+AF17+AG17 -> 4
A18: Miguel Garcia | B18: 11 | C18: 2 | D18: 2 | E18: 0 | F18: 0 | G18: 0 | H18: 0 | I18: 1 | J18: 0 | K18: 1 | L18: 1 | M18: 1 | N18: 0 | O18: 0 | P18: 0 | Q18: =(E18-(F18+G18+H18))+(F18*2)+(G18*3)+(H18*4) -> 0 | R18: =C18+K18+M18+N18+O18+P18 -> 4 | T18: 2 | U18: 2 | V18: 0 | W18: 0 | X18: 0 | Y18: 0 | Z18: 0 | AA18: 0 | AB18: 1 | AC18: 0 | AD18: 0 | AE18: 1 | AF18: 0 | AG18: 0 | AH18: =(V18-(W18+X18+Y18))+(W18*2)+(X18*3)+(Y18*4) -> 0 | AI18: =T18+AB18+AD18+AE18+AF18+AG18 -> 4
A19: Miguel Rodriguez | B19: 12 | C19: 4 | D19: 1 | E19: 0 | F19: 0 | G19: 0 | H19: 0 | I19: 1 | J19: 1 | K19: 2 | L19: 1 | M19: 0 | N19: 0 | O19: 1 | P19: 0 | Q19: =(E19-(F19+G19+H19))+(F19*2)+(G19*3)+(H19*4) -> 0 | R19: =C19+K19+M19+N19+O19+P19 -> 7 | T19: 4 | U19: 3 | V19: 2 | W19: 1 | X19: 0 | Y19: 0 | Z19: 1 | AA19: 1 | AB19: 0 | AC19: 1 | AD19: 1 | AE19: 1 | AF19: 1 | AG19: 0 | AH19: =(V19-(W19+X19+Y19))+(W19*2)+(X19*3)+(Y19*4) -> 3 | AI19: =T19+AB19+AD19+AE19+AF19+AG19 -> 7
... A32: Miguel Reyes | B32: 25 | C32: 2 | D32: 2 | E32: 0 | F32: 0 | G32: 0 | H32: 0 | I32: 0 | J32: 2 | K32: 0 | L32: 1 | M32: 0 | N32: 1 | O32: 0 | P32: 0 | Q32: =(E32-(F32+G32+H32))+(F32*2)+(G32*3)+(H32*4) -> 0 | R32: =C32+K32+M32+N32+O32+P32 -> 3 | T32: 4 | U32: 2 | V32: 3 | W32: 0 | X32: 0 | Y32: 0 | Z32: 2 | AA32: 1 | AB32: 1 | AC32: 0 | AD32: 1 | AE32: 0 | AF32: 0 | AG32: 0 | AH32: =(V32-(W32+X32+Y32))+(W32*2)+(X32*3)+(Y32*4) -> 3 | AI32: =T32+AB32+AD32+AE32+AF32+AG32 -> 6
A33: TOTALES : | C33: =SUM(C8:C32) -> 83 | D33: =SUM(D8:D32) -> 41 | E33: =SUM(E8:E32) -> 31 | F33: =SUM(F8:F32) -> 1 | G33: =SUM(G8:G32) -> 0 | H33: =SUM(H8:H32) -> 2 | I33: =SUM(I8:I32) -> 22 | J33: =SUM(J8:J32) -> 26 | ... R33: =SUM(R8:R32) -> 156 | T33: =SUM(T8:T32) -> 89 | U33: =SUM(U8:U32) -> 49 | V33: =SUM(V8:V32) -> 46 | W33: =SUM(W8:W32) -> 2 | X33: =SUM(X8:X32) -> 1 | Y33: =SUM(Y8:Y32) -> 2 | Z33: =SUM(Z8:Z32) -> 45 | AA33: =SUM(AA8:AA32) -> 27 | ... AI33: =SUM(AI8:AI32) -> 138 | AK33: =SUM(AK8:AK32) -> 0 | AL33: =SUM(AL8:AL32) -> 0 | AM33: =SUM(AM8:AM32) -> 0 | AN33: =SUM(AN8:AN32) -> 0 | AO33: =SUM(AO8:AO32) -> 0 | AP33: =SUM(AP8:AP32) -> 0 | AQ33: =SUM(AQ8:AQ32) -> 0 | AR33: =SUM(AR8:AR32) -> 0 | ... AZ33: =SUM(AZ8:AZ32) -> 0 | BB33: =SUM(BB8:BB32) -> 0 | BC33: =SUM(BC8:BC32) -> 0 | BD33: =SUM(BD8:BD32) -> 0 | BE33: =SUM(BE8:BE32) -> 0 | BF33: =SUM(BF8:BF32) -> 0 | BG33: =SUM(BG8:BG32) -> 0 | BH33: =SUM(BH8:BH32) -> 0 | BI33: =SUM(BI8:BI32) -> 0 | ... BQ33: =SUM(BQ8:BQ32) -> 0 | BS33: =SUM(BS8:BS32) -> 0 | BT33: =SUM(BT8:BT32) -> 0 | BU33: =SUM(BU8:BU32) -> 0 | BV33: =SUM(BV8:BV32) -> 0 | BW33: =SUM(BW8:BW32) -> 0 | BX33: =SUM(BX8:BX32) -> 0 | BY33: =SUM(BY8:BY32) -> 0 | BZ33: =SUM(BZ8:BZ32) -> 0 | ... CH33: =SUM(CH8:CH32) -> 0 | CJ33: =SUM(CJ8:CJ32) -> 0 | CK33: =SUM(CK8:CK32) -> 0 | CL33: =SUM(CL8:CL32) -> 0 | CM33: =SUM(CM8:CM32) -> 0 | CN33: =SUM(CN8:CN32) -> 0 | CO33: =SUM(CO8:CO32) -> 0 | CP33: =SUM(CP8:CP32) -> 0 | CQ33: =SUM(CQ8:CQ32) -> 0 | ... CY33: =SUM(CY8:CY32) -> 0 | DA33: =SUM(DA8:DA32) -> 0 | DB33: =SUM(DB8:DB32) -> 0 | DC33: =SUM(DC8:DC32) -> 0 | DD33: =SUM(DD8:DD32) -> 0 | DE33: =SUM(DE8:DE32) -> 0 | DF33: =SUM(DF8:DF32) -> 0 | DG33: =SUM(DG8:DG32) -> 0 | DH33: =SUM(DH8:DH32) -> 0 | ... DP33: =SUM(DP8:DP32) -> 0 | DR33: =SUM(DR8:DR32) -> 0 | DS33: =SUM(DS8:DS32) -> 0 | DT33: =SUM(DT8:DT32) -> 0 | DU33: =SUM(DU8:DU32) -> 0 | DV33: =SUM(DV8:DV32) -> 0 | DW33: =SUM(DW8:DW32) -> 0 | DX33: =SUM(DX8:DX32) -> 0 | DY33: =SUM(DY8:DY32) -> 0 | ... EG33: =SUM(EG8:EG32) -> 0 | EI33: =SUM(EI8:EI32) -> 0 | EJ33: =SUM(EJ8:EJ32) -> 0 | EK33: =SUM(EK8:EK32) -> 0 | EL33: =SUM(EL8:EL32) -> 0 | EM33: =SUM(EM8:EM32) -> 0 | EN33: =SUM(EN8:EN32) -> 0 | EO33: =SUM(EO8:EO32) -> 0 | EP33: =SUM(EP8:EP32) -> 0 | ... EX33: =SUM(EX8:EX32) -> 0 | EZ33: =SUM(EZ8:EZ32) -> 0 | FA33: =SUM(FA8:FA32) -> 0 | FB33: =SUM(FB8:FB32) -> 0 | FC33: =SUM(FC8:FC32) -> 0 | FD33: =SUM(FD8:FD32) -> 0 | FE33: =SUM(FE8:FE32) -> 0 | FF33: =SUM(FF8:FF32) -> 0 | FG33: =SUM(FG8:FG32) -> 0 | ... FO33: =SUM(FO8:FO32) -> 0 | FQ33: =SUM(FQ8:FQ32) -> 0 | FR33: =SUM(FR8:FR32) -> 0 | FS33: =SUM(FS8:FS32) -> 0 | FT33: =SUM(FT8:FT32) -> 0 | FU33: =SUM(FU8:FU32) -> 0 | FV33: =SUM(FV8:FV32) -> 0 | FW33: =SUM(FW8:FW32) -> 0 | FX33: =SUM(FX8:FX32) -> 0 | ... GF33: =SUM(GF8:GF32) -> 0 | GH33: =SUM(GH8:GH32) -> 0 | GI33: =SUM(GI8:GI32) -> 0 | GJ33: =SUM(GJ8:GJ32) -> 0 | GK33: =SUM(GK8:GK32) -> 0 | GL33: =SUM(GL8:GL32) -> 0 | GM33: =SUM(GM8:GM32) -> 0 | GN33: =SUM(GN8:GN32) -> 0 | GO33: =SUM(GO8:GO32) -> 0 | ... GW33: =SUM(GW8:GW32) -> 0 | GY33: =SUM(GY8:GY32) -> 0 | GZ33: =SUM(GZ8:GZ32) -> 0 | HA33: =SUM(HA8:HA32) -> 0 | HB33: =SUM(HB8:HB32) -> 0 | HC33: =SUM(HC8:HC32) -> 0 | HD33: =SUM(HD8:HD32) -> 0 | HE33: =SUM(HE8:HE32) -> 0 | HF33: =SUM(HF8:HF32) -> 0 | ... HN33: =SUM(HN8:HN32) -> 0 | HP33: =SUM(HP8:HP32) -> 0 | HQ33: =SUM(HQ8:HQ32) -> 0 | HR33: =SUM(HR8:HR32) -> 0 | HS33: =SUM(HS8:HS32) -> 0 | HT33: =SUM(HT8:HT32) -> 0 | HU33: =SUM(HU8:HU32) -> 0 | HV33: =SUM(HV8:HV32) -> 0 | HW33: =SUM(HW8:HW32) -> 0 | ... IE33: =SUM(IE8:IE32) -> 0 | IG33: =SUM(IG8:IG32) -> 0 | IH33: =SUM(IH8:IH32) -> 0 | II33: =SUM(II8:II32) -> 0 | IJ33: =SUM(IJ8:IJ32) -> 0 | IK33: =SUM(IK8:IK32) -> 0 | IL33: =SUM(IL8:IL32) -> 0 | IM33: =SUM(IM8:IM32) -> 0 | IN33: =SUM(IN8:IN32) -> 0 | ... IV33: =SUM(IV8:IV32) -> 0
A35: LIDERES INDIVIDUAL
A36: NOMBRE | B36: No | C36: VB | D36: CA | E36: H | F36: 2B | G36: 3B | H36: HR | I36: CI | J36: K | K36: BB | L36: BR | M36: GP | N36: SH | O36: SF | P36: INT | Q36: BAL | R36: AL | T36: AV | U36: SLG
A37: =IF(A8="","",A8) -> Jose Flores | B37: =IF(B8="","",B8) -> 1 | C37: =C8+T8+AK8+BB8+BS8+CJ8+DA8+DR8+EI8+EZ8+FQ8+GH8+GY8+HP8+IG8 -> 4 | D37: =D8+U8+AL8+BC8+BT8+CK8+DB8+DS8+EJ8+FA8+FR8+GI8+GZ8+HQ8+IH8 -> 1 | E37: =E8+V8+AM8+BD8+BU8+CL8+DC8+DT8+EK8+FB8+FS8+GJ8+HA8+HR8+II8 -> 1 | F37: =F8+W8+AN8+BE8+BV8+CM8+DD8+DU8+EL8+FC8+FT8+GK8+HB8+HS8+IJ8 -> 0 | G37: =G8+X8+AO8+BF8+BW8+CN8+DE8+DV8+EM8+FD8+FU8+GL8+HC8+HT8+IK8 -> 0 | H37: =H8+Y8+AP8+BG8+BX8+CO8+DF8+DW8+EN8+FE8+FV8+GM8+HD8+HU8+IL8 -> 0 | I37: =I8+Z8+AQ8+BH8+BY8+CP8+DG8+DX8+EO8+FF8+FW8+GN8+HE8+HV8+IM8 -> 1 | J37: =J8+AA8+AR8+BI8+BZ8+CQ8+DH8+DY8+EP8+FG8+FX8+GO8+HF8+HW8+IN8 -> 0 | ... R37: =R8+AI8+AZ8+BQ8+CH8+CY8+DP8+EG8+EX8+FO8+GF8+GW8+HN8+IE8+IV8 -> 6 | T37: =IFERROR(E37/C37,0) -> 0.25 | U37: =IFERROR(Q37/C37,0) -> 0.25
A38: =IF(A9="","",A9) -> Jose Rivera | B38: =IF(B9="","",B9) -> 2 | C38: =C9+T9+AK9+BB9+BS9+CJ9+DA9+DR9+EI9+EZ9+FQ9+GH9+GY9+HP9+IG9 -> 8 | D38: =D9+U9+AL9+BC9+BT9+CK9+DB9+DS9+EJ9+FA9+FR9+GI9+GZ9+HQ9+IH9 -> 4 | E38: =E9+V9+AM9+BD9+BU9+CL9+DC9+DT9+EK9+FB9+FS9+GJ9+HA9+HR9+II9 -> 2 | F38: =F9+W9+AN9+BE9+BV9+CM9+DD9+DU9+EL9+FC9+FT9+GK9+HB9+HS9+IJ9 -> 0 | G38: =G9+X9+AO9+BF9+BW9+CN9+DE9+DV9+EM9+FD9+FU9+GL9+HC9+HT9+IK9 -> 0 | H38: =H9+Y9+AP9+BG9+BX9+CO9+DF9+DW9+EN9+FE9+FV9+GM9+HD9+HU9+IL9 -> 0 | I38: =I9+Z9+AQ9+BH9+BY9+CP9+DG9+DX9+EO9+FF9+FW9+GN9+HE9+HV9+IM9 -> 3 | J38: =J9+AA9+AR9+BI9+BZ9+CQ9+DH9+DY9+EP9+FG9+FX9+GO9+HF9+HW9+IN9 -> 2 | ... R38: =R9+AI9+AZ9+BQ9+CH9+CY9+DP9+EG9+EX9+FO9+GF9+GW9+HN9+IE9+IV9 -> 13 | T38: =IFERROR(E38/C38,0) -> 0.25 | U38: =IFERROR(Q38/C38,0) -> 0.25
A39: =IF(A10="","",A10) -> Jose Gomez | B39: =IF(B10="","",B10) -> 3 | C39: =C10+T10+AK10+BB10+BS10+CJ10+DA10+DR10+EI10+EZ10+FQ10+GH10+GY10+HP10+IG10 -> 10 | D39: =D10+U10+AL10+BC10+BT10+CK10+DB10+DS10+EJ10+FA10+FR10+GI10+GZ10+HQ10+IH10 -> 1 | E39: =E10+V10+AM10+BD10+BU10+CL10+DC10+DT10+EK10+FB10+FS10+GJ10+HA10+HR10+II10 -> 4 | F39: =F10+W10+AN10+BE10+BV10+CM10+DD10+DU10+EL10+FC10+FT10+GK10+HB10+HS10+IJ10 -> 0 | G39: =G10+X10+AO10+BF10+BW10+CN10+DE10+DV10+EM10+FD10+FU10+GL10+HC10+HT10+IK10 -> 0 | H39: =H10+Y10+AP10+BG10+BX10+CO10+DF10+DW10+EN10+FE10+FV10+GM10+HD10+HU10+IL10 -> 0 | I39: =I10+Z10+AQ10+BH10+BY10+CP10+DG10+DX10+EO10+FF10+FW10+GN10+HE10+HV10+IM10 -> 2 | J39: =J10+AA10+AR10+BI10+BZ10+CQ10+DH10+DY10+EP10+FG10+FX10+GO10+HF10+HW10+IN10 -> 2 | ... R39: =R10+AI10+AZ10+BQ10+CH10+CY10+DP10+EG10+EX10+FO10+GF10+GW10+HN10+IE10+IV10 -> 13 | T39: =IFERROR(E39/C39,0) -> 0.4 | U39: =IFERROR(Q39/C39,0) -> 0.4
A40: =IF(A11="","",A11) -> Jose Diaz | B40: =IF(B11="","",B11) -> 4 | C40: =C11+T11+AK11+BB11+BS11+CJ11+DA11+DR11+EI11+EZ11+FQ11+GH11+GY11+HP11+IG11 -> 6 | D40: =D11+U11+AL11+BC11+BT11+CK11+DB11+DS11+EJ11+FA11+FR11+GI11+GZ11+HQ11+IH11 -> 6 | E40: =E11+V11+AM11+BD11+BU11+CL11+DC11+DT11+EK11+FB11+FS11+GJ11+HA11+HR11+II11 -> 1 | F40: =F11+W11+AN11+BE11+BV11+CM11+DD11+DU11+EL11+FC11+FT11+GK11+HB11+HS11+IJ11 -> 0 | G40: =G11+X11+AO11+BF11+BW11+CN11+DE11+DV11+EM11+FD11+FU11+GL11+HC11+HT11+IK11 -> 0 | H40: =H11+Y11+AP11+BG11+BX11+CO11+DF11+DW11+EN11+FE11+FV11+GM11+HD11+HU11+IL11 -> 0 | I40: =I11+Z11+AQ11+BH11+BY11+CP11+DG11+DX11+EO11+FF11+FW11+GN11+HE11+HV11+IM11 -> 1 | J40: =J11+AA11+AR11+BI11+BZ11+CQ11+DH11+DY11+EP11+FG11+FX11+GO11+HF11+HW11+IN11 -> 4 | ... R40: =R11+AI11+AZ11+BQ11+CH11+CY11+DP11+EG11+EX11+FO11+GF11+GW11+HN11+IE11+IV11 -> 10 | T40: =IFERROR(E40/C40,0) -> 0.16666667 | U40: =IFERROR(Q40/C40,0) -> 0.16666667
A41: =IF(A12="","",A12) -> Jose Reyes | B41: =IF(B12="","",B12) -> 5 | C41: =C12+T12+AK12+BB12+BS12+CJ12+DA12+DR12+EI12+EZ12+FQ12+GH12+GY12+HP12+IG12 -> 5 | D41: =D12+U12+AL12+BC12+BT12+CK12+DB12+DS12+EJ12+FA12+FR12+GI12+GZ12+HQ12+IH12 -> 0 | E41: =E12+V12+AM12+BD12+BU12+CL12+DC12+DT12+EK12+FB12+FS12+GJ12+HA12+HR12+II12 -> 1 | F41: =F12+W12+AN12+BE12+BV12+CM12+DD12+DU12+EL12+FC12+FT12+GK12+HB12+HS12+IJ12 -> 1 | G41: =G12+X12+AO12+BF12+BW12+CN12+DE12+DV12+EM12+FD12+FU12+GL12+HC12+HT12+IK12 -> 0 | H41: =H12+Y12+AP12+BG12+BX12+CO12+DF12+DW12+EN12+FE12+FV12+GM12+HD12+HU12+IL12 -> 0 | I41: =I12+Z12+AQ12+BH12+BY12+CP12+DG12+DX12+EO12+FF12+FW12+GN12+HE12+HV12+IM12 -> 2 | J41: =J12+AA12+AR12+BI12+BZ12+CQ12+DH12+DY12+EP12+FG12+FX12+GO12+HF12+HW12+IN12 -> 3 | ... R41: =R12+AI12+AZ12+BQ12+CH12+CY12+DP12+EG12+EX12+FO12+GF12+GW12+HN12+IE12+IV12 -> 9 | T41: =IFERROR(E41/C41,0) -> 0.2 | U41: =IFERROR(Q41/C41,0) -> 0.4
A42: =IF(A13="","",A13) -> Jose Morales | B42: =IF(B13="","",B13) -> 6 | C42: =C13+T13+AK13+BB13+BS13+CJ13+DA13+DR13+EI13+EZ13+FQ13+GH13+GY13+HP13+IG13 -> 8 | D42: =D13+U13+AL13+BC13+BT13+CK13+DB13+DS13+EJ13+FA13+FR13+GI13+GZ13+HQ13+IH13 -> 3 | E42: =E13+V13+AM13+BD13+BU13+CL13+DC13+DT13+EK13+FB13+FS13+GJ13+HA13+HR13+II13 -> 6 | F42: =F13+W13+AN13+BE13+BV13+CM13+DD13+DU13+EL13+FC13+FT13+GK13+HB13+HS13+IJ13 -> 0 | G42: =G13+X13+AO13+BF13+BW13+CN13+DE13+DV13+EM13+FD13+FU13+GL13+HC13+HT13+IK13 -> 0 | H42: =H13+Y13+AP13+BG13+BX13+CO13+DF13+DW13+EN13+FE13+FV13+GM13+HD13+HU13+IL13 -> 0 | I42: =I13+Z13+AQ13+BH13+BY13+CP13+DG13+DX13+EO13+FF13+FW13+GN13+HE13+HV13+IM13 -> 6 | J42: =J13+AA13+AR13+BI13+BZ13+CQ13+DH13+DY13+EP13+FG13+FX13+GO13+HF13+HW13+IN13 -> 3 | ... R42: =R13+AI13+AZ13+BQ13+CH13+CY13+DP13+EG13+EX13+FO13+GF13+GW13+HN13+IE13+IV13 -> 14 | T42: =IFERROR(E42/C42,0) -> 0.75 | U42: =IFERROR(Q42/C42,0) -> 0.75
A43: =IF(A14="","",A14) -> Jose Cruz | B43: =IF(B14="","",B14) -> 7 | C43: =C14+T14+AK14+BB14+BS14+CJ14+DA14+DR14+EI14+EZ14+FQ14+GH14+GY14+HP14+IG14 -> 5 | D43: =D14+U14+AL14+BC14+BT14+CK14+DB14+DS14+EJ14+FA14+FR14+GI14+GZ14+HQ14+IH14 -> 2 | E43: =E14+V14+AM14+BD14+BU14+CL14+DC14+DT14+EK14+FB14+FS14+GJ14+HA14+HR14+II14 -> 3 | F43: =F14+W14+AN14+BE14+BV14+CM14+DD14+DU14+EL14+FC14+FT14+GK14+HB14+HS14+IJ14 -> 0 | G43: =G14+X14+AO14+BF14+BW14+CN14+DE14+DV14+EM14+FD14+FU14+GL14+HC14+HT14+IK14 -> 1 | H43: =H14+Y14+AP14+BG14+BX14+CO14+DF14+DW14+EN14+FE14+FV14+GM14+HD14+HU14+IL14 -> 0 | I43: =I14+Z14+AQ14+BH14+BY14+CP14+DG14+DX14+EO14+FF14+FW14+GN14+HE14+HV14+IM14 -> 4 | J43: =J14+AA14+AR14+BI14+BZ14+CQ14+DH14+DY14+EP14+FG14+FX14+GO14+HF14+HW14+IN14 -> 4 | ... R43: =R14+AI14+AZ14+BQ14+CH14+CY14+DP14+EG14+EX14+FO14+GF14+GW14+HN14+IE14+IV14 -> 12 | T43: =IFERROR(E43/C43,0) -> 0.6 | U43: =IFERROR(Q43/C43,0) -> 1
A44: =IF(A15="","",A15) -> Jose Ortiz | B44: =IF(B15="","",B15) -> 8 | C44: =C15+T15+AK15+BB15+BS15+CJ15+DA15+DR15+EI15+EZ15+FQ15+GH15+GY15+HP15+IG15 -> 6 | D44: =D15+U15+AL15+BC15+BT15+CK15+DB15+DS15+EJ15+FA15+FR15+GI15+GZ15+HQ15+IH15 -> 4 | E44: =E15+V15+AM15+BD15+BU15+CL15+DC15+DT15+EK15+FB15+FS15+GJ15+HA15+HR15+II15 -> 1 | F44: =F15+W15+AN15+BE15+BV15+CM15+DD15+DU15+EL15+FC15+FT15+GK15+HB15+HS15+IJ15 -> 0 | G44: =G15+X15+AO15+BF15+BW15+CN15+DE15+DV15+EM15+FD15+FU15+GL15+HC15+HT15+IK15 -> 0 | H44: =H15+Y15+AP15+BG15+BX15+CO15+DF15+DW15+EN15+FE15+FV15+GM15+HD15+HU15+IL15 -> 0 | I44: =I15+Z15+AQ15+BH15+BY15+CP15+DG15+DX15+EO15+FF15+FW15+GN15+HE15+HV15+IM15 -> 3 | J44: =J15+AA15+AR15+BI15+BZ15+CQ15+DH15+DY15+EP15+FG15+FX15+GO15+HF15+HW15+IN15 -> 2 | ... R44: =R15+AI15+AZ15+BQ15+CH15+CY15+DP15+EG15+EX15+FO15+GF15+GW15+HN15+IE15+IV15 -> 7 | T44: =IFERROR(E44/C44,0) -> 0.16666667 | U44: =IFERROR(Q44/C44,0) -> 0.16666667
A45: =IF(A16="","",A16) -> Jose Gutierrez | B45: =IF(B16="","",B16) -> 9 | C45: =C16+T16+AK16+BB16+BS16+CJ16+DA16+DR16+EI16+EZ16+FQ16+GH16+GY16+HP16+IG16 -> 9 | D45: =D16+U16+AL16+BC16+BT16+CK16+DB16+DS16+EJ16+FA16+FR16+GI16+GZ16+HQ16+IH16 -> 3 | E45: =E16+V16+AM16+BD16+BU16+CL16+DC16+DT16+EK16+FB16+FS16+GJ16+HA16+HR16+II16 -> 0 | F45: =F16+W16+AN16+BE16+BV16+CM16+DD16+DU16+EL16+FC16+FT16+GK16+HB16+HS16+IJ16 -> 0 | G45: =G16+X16+AO16+BF16+BW16+CN16+DE16+DV16+EM16+FD16+FU16+GL16+HC16+HT16+IK16 -> 0 | H45: =H16+Y16+AP16+BG16+BX16+CO16+DF16+DW16+EN16+FE16+FV16+GM16+HD16+HU16+IL16 -> 0 | I45: =I16+Z16+AQ16+BH16+BY16+CP16+DG16+DX16+EO16+FF16+FW16+GN16+HE16+HV16+IM16 -> 1 | J45: =J16+AA16+AR16+BI16+BZ16+CQ16+DH16+DY16+EP16+FG16+FX16+GO16+HF16+HW16+IN16 -> 2 | ... R45: =R16+AI16+AZ16+BQ16+CH16+CY16+DP16+EG16+EX16+FO16+GF16+GW16+HN16+IE16+IV16 -> 14 | T45: =IFERROR(E45/C45,0) -> 0 | U45: =IFERROR(Q45/C45,0) -> 0
A46: =IF(A17="","",A17) -> Jose Castillo | B46: =IF(B17="","",B17) -> 10 | C46: =C17+T17+AK17+BB17+BS17+CJ17+DA17+DR17+EI17+EZ17+FQ17+GH17+GY17+HP17+IG17 -> 4 | D46: =D17+U17+AL17+BC17+BT17+CK17+DB17+DS17+EJ17+FA17+FR17+GI17+GZ17+HQ17+IH17 -> 3 | E46: =E17+V17+AM17+BD17+BU17+CL17+DC17+DT17+EK17+FB17+FS17+GJ17+HA17+HR17+II17 -> 2 | F46: =F17+W17+AN17+BE17+BV17+CM17+DD17+DU17+EL17+FC17+FT17+GK17+HB17+HS17+IJ17 -> 0 | G46: =G17+X17+AO17+BF17+BW17+CN17+DE17+DV17+EM17+FD17+FU17+GL17+HC17+HT17+IK17 -> 0 | H46: =H17+Y17+AP17+BG17+BX17+CO17+DF17+DW17+EN17+FE17+FV17+GM17+HD17+HU17+IL17 -> 0 | I46: =I17+Z17+AQ17+BH17+BY17+CP17+DG17+DX17+EO17+FF17+FW17+GN17+HE17+HV17+IM17 -> 3 | J46: =J17+AA17+AR17+BI17+BZ17+CQ17+DH17+DY17+EP17+FG17+FX17+GO17+HF17+HW17+IN17 -> 2 | ... R46: =R17+AI17+AZ17+BQ17+CH17+CY17+DP17+EG17+EX17+FO17+GF17+GW17+HN17+IE17+IV17 -> 9 | T46: =IFERROR(E46/C46,0) -> 0.5 | U46: =IFERROR(Q46/C46,0) -> 0.5
A47: =IF(A18="","",A18) -> Miguel Garcia | B47: =IF(B18="","",B18) -> 11 | C47: =C18+T18+AK18+BB18+BS18+CJ18+DA18+DR18+EI18+EZ18+FQ18+GH18+GY18+HP18+IG18 -> 4 | D47: =D18+U18+AL18+BC18+BT18+CK18+DB18+DS18+EJ18+FA18+FR18+GI18+GZ18+HQ18+IH18 -> 4 | E47: =E18+V18+AM18+BD18+BU18+CL18+DC18+DT18+EK18+FB18+FS18+GJ18+HA18+HR18+II18 -> 0 | F47: =F18+W18+AN18+BE18+BV18+CM18+DD18+DU18+EL18+FC18+FT18+GK18+HB18+HS18+IJ18 -> 0 | G47: =G18+X18+AO18+BF18+BW18+CN18+DE18+DV18+EM18+FD18+FU18+GL18+HC18+HT18+IK18 -> 0 | H47: =H18+Y18+AP18+BG18+BX18+CO18+DF18+DW18+EN18+FE18+FV18+GM18+HD18+HU18+IL18 -> 0 | I47: =I18+Z18+AQ18+BH18+BY18+CP18+DG18+DX18+EO18+FF18+FW18+GN18+HE18+HV18+IM18 -> 1 | J47: =J18+AA18+AR18+BI18+BZ18+CQ18+DH18+DY18+EP18+FG18+FX18+GO18+HF18+HW18+IN18 -> 0 | ... R47: =R18+AI18+AZ18+BQ18+CH18+CY18+DP18+EG18+EX18+FO18+GF18+GW18+HN18+IE18+IV18 -> 8 | T47: =IFERROR(E47/C47,0) -> 0 | U47: =IFERROR(Q47/C47,0) -> 0
A48: =IF(A19="","",A19) -> Miguel Rodriguez | B48: =IF(B19="","",B19) -> 12 | C48: =C19+T19+AK19+BB19+BS19+CJ19+DA19+DR19+EI19+EZ19+FQ19+GH19+GY19+HP19+IG19 -> 8 | D48: =D19+U19+AL19+BC19+BT19+CK19+DB19+DS19+EJ19+FA19+FR19+GI19+GZ19+HQ19+IH19 -> 4 | E48: =E19+V19+AM19+BD19+BU19+CL19+DC19+DT19+EK19+FB19+FS19+GJ19+HA19+HR19+II19 -> 2 | F48: =F19+W19+AN19+BE19+BV19+CM19+DD19+DU19+EL19+FC19+FT19+GK19+HB19+HS19+IJ19 -> 1 | G48: =G19+X19+AO19+BF19+BW19+CN19+DE19+DV19+EM19+FD19+FU19+GL19+HC19+HT19+IK19 -> 0 | H48: =H19+Y19+AP19+BG19+BX19+CO19+DF19+DW19+EN19+FE19+FV19+GM19+HD19+HU19+IL19 -> 0 | I48: =I19+Z19+AQ19+BH19+BY19+CP19+DG19+DX19+EO19+FF19+FW19+GN19+HE19+HV19+IM19 -> 2 | J48: =J19+AA19+AR19+BI19+BZ19+CQ19+DH19+DY19+EP19+FG19+FX19+GO19+HF19+HW19+IN19 -> 2 | ... R48: =R19+AI19+AZ19+BQ19+CH19+CY19+DP19+EG19+EX19+FO19+GF19+GW19+HN19+IE19+IV19 -> 14 | T48: =IFERROR(E48/C48,0) -> 0.25 | U48: =IFERROR(Q48/C48,0) -> 0.375
... A61: =IF(A32="","",A32) -> Miguel Reyes | B61: =IF(B32="","",B32) -> 25 | C61: =C32+T32+AK32+BB32+BS32+CJ32+DA32+DR32+EI32+EZ32+FQ32+GH32+GY32+HP32+IG32 -> 6 | D61: =D32+U32+AL32+BC32+BT32+CK32+DB32+DS32+EJ32+FA32+FR32+GI32+GZ32+HQ32+IH32 -> 4 | E61: =E32+V32+AM32+BD32+BU32+CL32+DC32+DT32+EK32+FB32+FS32+GJ32+HA32+HR32+II32 -> 3 | F61: =F32+W32+AN32+BE32+BV32+CM32+DD32+DU32+EL32+FC32+FT32+GK32+HB32+HS32+IJ32 -> 0 | G61: =G32+X32+AO32+BF32+BW32+CN32+DE32+DV32+EM32+FD32+FU32+GL32+HC32+HT32+IK32 -> 0 | H61: =H32+Y32+AP32+BG32+BX32+CO32+DF32+DW32+EN32+FE32+FV32+GM32+HD32+HU32+IL32 -> 0 | I61: =I32+Z32+AQ32+BH32+BY32+CP32+DG32+DX32+EO32+FF32+FW32+GN32+HE32+HV32+IM32 -> 2 | J61: =J32+AA32+AR32+BI32+BZ32+CQ32+DH32+DY32+EP32+FG32+FX32+GO32+HF32+HW32+IN32 -> 3 | ... R61: =R32+AI32+AZ32+BQ32+CH32+CY32+DP32+EG32+EX32+FO32+GF32+GW32+HN32+IE32+IV32 -> 9 | T61: =IFERROR(E61/C61,0) -> 0.5 | U61: =IFERROR(Q61/C61,0) -> 0.5
A62: TOTALES : | C62: =SUM(C37:C61) -> 172 | D62: =SUM(D37:D61) -> 90 | E62: =SUM(E37:E61) -> 77 | F62: =SUM(F37:F61) -> 3 | G62: =SUM(G37:G61) -> 1 | H62: =SUM(H37:H61) -> 4 | I62: =SUM(I37:I61) -> 67 | J62: =SUM(J37:J61) -> 53 | ... R62: =SUM(R37:R61) -> 294 | T62: =IFERROR(E62/C62,0) -> 0.44767442 | U62: =IFERROR(Q62/C62,0) -> 0.54651163
A64: L A N Z A D O R E S
A65: NOMBRE | B65: No | C65: P? | D65: G/P/S | E65: INN | F65: CL | G65: K | H65: H | I65: P? | J65: G/P/S | K65: INN | L65: CL | M65: K | N65: H | O65: P? | P65: G/P/S | Q65: INN | R65: CL | S65: K | T65: H | U65: P? | V65: G/P/S | W65: INN | X65: CL | Y65: K | Z65: H | AA65: P? | AB65: G/P/S | AC65: INN | AD65: CL | AE65: K | AF65: H | AG65: P? | AH65: G/P/S | AI65: INN | AJ65: CL | AK65: K | AL65: H | AM65: P? | AN65: G/P/S | AO65: INN | AP65: CL | AQ65: K | AR65: H | AS65: P? | AT65: G/P/S | AU65: INN | AV65: CL | AW65: K | AX65: H | AY65: P? | AZ65: G/P/S | BA65: INN | BB65: CL | BC65: K | BD65: H | BE65: P? | BF65: G/P/S | BG65: INN | BH65: CL | BI65: K | BJ65: H | BK65: P? | BL65: G/P/S | BM65: INN | BN65: CL | BO65: K | BP65: H | BQ65: P? | BR65: G/P/S | BS65: INN | BT65: CL | BU65: K | BV65: H | BW65: P? | BX65: G/P/S | BY65: INN | BZ65: CL | CA65: K | CB65: H | CC65: P? | CD65: G/P/S | CE65: INN | CF65: CL | CG65: K | CH65: H | CI65: P? | CJ65: G/P/S | CK65: INN | CL65: CL | CM65: K | CN65: H | CP65: JJ | CQ65: JG | CR65: JP | CS65: OUTS | CT65: INN | CU65: CL | CV65: K | CW65: H | CX65: PCL | CY65: SV
A66: =IF(A8="","",A8) -> Jose Flores | B66: =IF(B8="","",B8) -> 1 | C66: 1 | D66: G | E66: 3 | F66: 2 | G66: 1 | H66: 0 | I66: 1 | J66: G | K66: 1.1 | L66: 1 | M66: 6 | N66: 0 | CP66: =C66+I66+O66+U66+AA66+AG66+AM66+AS66+AY66+BE66+BK66+BQ66+BW66+CC66+CI66 -> 2 | CQ66: =COUNTIF(D66,"G")+COUNTIF(J66,"G")+COUNTIF(P66,"G")+COUNTIF(V66,"G")+COUNTIF(AB66,"G")+COUNTIF(AH66,"G")+COUNTIF(AN66,"G")+COUNTIF(AT66,"G")+COUNTIF(AZ66,"G")+COUNTIF(BF66,"G")+COUNTIF(BL66,"G")+COUNTIF(BR66,"G")+COUNTIF(BX66,"G")+COUNTIF(CD66,"G")+COUNTIF(CJ66,"G") -> 2 | CR66: =COUNTIF(D66,"P")+COUNTIF(J66,"P")+COUNTIF(P66,"P")+COUNTIF(V66,"P")+COUNTIF(AB66,"P")+COUNTIF(AH66,"P")+COUNTIF(AN66,"P")+COUNTIF(AT66,"P")+COUNTIF(AZ66,"P")+COUNTIF(BF66,"P")+COUNTIF(BL66,"P")+COUNTIF(BR66,"P")+COUNTIF(BX66,"P")+COUNTIF(CD66,"P")+COUNTIF(CJ66,"P") -> 0 | CS66: =(INT(E66)*3+(E66-INT(E66))*10)+(INT(K66)*3+(K66-INT(K66))*10)+(INT(Q66)*3+(Q66-INT(Q66))*10)+(INT(W66)*3+(W66-INT(W66))*10)+(INT(AC66)*3+(AC66-INT(AC66))*10)+(INT(AI66)*3+(AI66-INT(AI66))*10)+(INT(AO66)*3+(AO66-INT(AO66))*10)+(INT(AU66)*3+(AU66-INT(AU66))*10)+(INT(BA66)*3+(BA66-INT(BA66))*10)+(INT(BG66)*3+(BG66-INT(BG66))*10)+(INT(BM66)*3+(BM66-INT(BM66))*10)+(INT(BS66)*3+(BS66-INT(BS66))*10)+(INT(BY66)*3+(BY66-INT(BY66))*10)+(INT(CE66)*3+(CE66-INT(CE66))*10)+(INT(CK66)*3+(CK66-INT(CK66))*10) -> 13 | CT66: =INT(CS66/3)+MOD(CS66,3)/10 -> 4.1 | CU66: =F66+L66+R66+X66+AD66+AJ66+AP66+AV66+BB66+BH66+BN66+BT66+BZ66+CF66+CL66 -> 3 | CV66: =G66+M66+S66+Y66+AE66+AK66+AQ66+AW66+BC66+BI66+BO66+BU66+CA66+CG66+CM66 -> 7 | CW66: =H66+N66+T66+Z66+AF66+AL66+AR66+AX66+BD66+BJ66+BP66+BV66+CB66+CH66+CN66 -> 0 | CX66: =IFERROR(CU66*27/CS66,0) -> 6.2307692 | CY66: =COUNTIF(D66,"S")+COUNTIF(J66,"S")+COUNTIF(P66,"S")+COUNTIF(V66,"S")+COUNTIF(AB66,"S")+COUNTIF(AH66,"S")+COUNTIF(AN66,"S")+COUNTIF(AT66,"S")+COUNTIF(AZ66,"S")+COUNTIF(BF66,"S")+COUNTIF(BL66,"S")+COUNTIF(BR66,"S")+COUNTIF(BX66,"S")+COUNTIF(CD66,"S")+COUNTIF(CJ66,"S") -> 0
A67: =IF(A9="","",A9) -> Jose Rivera | B67: =IF(B9="","",B9) -> 2 | C67: 0 | I67: 0 | CP67: =C67+I67+O67+U67+AA67+AG67+AM67+AS67+AY67+BE67+BK67+BQ67+BW67+CC67+CI67 -> 0 | CQ67: =COUNTIF(D67,"G")+COUNTIF(J67,"G")+COUNTIF(P67,"G")+COUNTIF(V67,"G")+COUNTIF(AB67,"G")+COUNTIF(AH67,"G")+COUNTIF(AN67,"G")+COUNTIF(AT67,"G")+COUNTIF(AZ67,"G")+COUNTIF(BF67,"G")+COUNTIF(BL67,"G")+COUNTIF(BR67,"G")+COUNTIF(BX67,"G")+COUNTIF(CD67,"G")+COUNTIF(CJ67,"G") -> 0 | CR67: =COUNTIF(D67,"P")+COUNTIF(J67,"P")+COUNTIF(P67,"P")+COUNTIF(V67,"P")+COUNTIF(AB67,"P")+COUNTIF(AH67,"P")+COUNTIF(AN67,"P")+COUNTIF(AT67,"P")+COUNTIF(AZ67,"P")+COUNTIF(BF67,"P")+COUNTIF(BL67,"P")+COUNTIF(BR67,"P")+COUNTIF(BX67,"P")+COUNTIF(CD67,"P")+COUNTIF(CJ67,"P") -> 0 | CS67: =(INT(E67)*3+(E67-INT(E67))*10)+(INT(K67)*3+(K67-INT(K67))*10)+(INT(Q67)*3+(Q67-INT(Q67))*10)+(INT(W67)*3+(W67-INT(W67))*10)+(INT(AC67)*3+(AC67-INT(AC67))*10)+(INT(AI67)*3+(AI67-INT(AI67))*10)+(INT(AO67)*3+(AO67-INT(AO67))*10)+(INT(AU67)*3+(AU67-INT(AU67))*10)+(INT(BA67)*3+(BA67-INT(BA67))*10)+(INT(BG67)*3+(BG67-INT(BG67))*10)+(INT(BM67)*3+(BM67-INT(BM67))*10)+(INT(BS67)*3+(BS67-INT(BS67))*10)+(INT(BY67)*3+(BY67-INT(BY67))*10)+(INT(CE67)*3+(CE67-INT(CE67))*10)+(INT(CK67)*3+(CK67-INT(CK67))*10) -> 0 | CT67: =INT(CS67/3)+MOD(CS67,3)/10 -> 0 | CU67: =F67+L67+R67+X67+AD67+AJ67+AP67+AV67+BB67+BH67+BN67+BT67+BZ67+CF67+CL67 -> 0 | CV67: =G67+M67+S67+Y67+AE67+AK67+AQ67+AW67+BC67+BI67+BO67+BU67+CA67+CG67+CM67 -> 0 | CW67: =H67+N67+T67+Z67+AF67+AL67+AR67+AX67+BD67+BJ67+BP67+BV67+CB67+CH67+CN67 -> 0 | CX67: =IFERROR(CU67*27/CS67,0) -> 0 | CY67: =COUNTIF(D67,"S")+COUNTIF(J67,"S")+COUNTIF(P67,"S")+COUNTIF(V67,"S")+COUNTIF(AB67,"S")+COUNTIF(AH67,"S")+COUNTIF(AN67,"S")+COUNTIF(AT67,"S")+COUNTIF(AZ67,"S")+COUNTIF(BF67,"S")+COUNTIF(BL67,"S")+COUNTIF(BR67,"S")+COUNTIF(BX67,"S")+COUNTIF(CD67,"S")+COUNTIF(CJ67,"S") -> 0
A68: =IF(A10="","",A10) -> Jose Gomez | B68: =IF(B10="","",B10) -> 3 | C68: 0 | I68: 1 | J68: G | K68: 2.1 | L68: 2 | M68: 3 | N68: 1 | CP68: =C68+I68+O68+U68+AA68+AG68+AM68+AS68+AY68+BE68+BK68+BQ68+BW68+CC68+CI68 -> 1 | CQ68: =COUNTIF(D68,"G")+COUNTIF(J68,"G")+COUNTIF(P68,"G")+COUNTIF(V68,"G")+COUNTIF(AB68,"G")+COUNTIF(AH68,"G")+COUNTIF(AN68,"G")+COUNTIF(AT68,"G")+COUNTIF(AZ68,"G")+COUNTIF(BF68,"G")+COUNTIF(BL68,"G")+COUNTIF(BR68,"G")+COUNTIF(BX68,"G")+COUNTIF(CD68,"G")+COUNTIF(CJ68,"G") -> 1 | CR68: =COUNTIF(D68,"P")+COUNTIF(J68,"P")+COUNTIF(P68,"P")+COUNTIF(V68,"P")+COUNTIF(AB68,"P")+COUNTIF(AH68,"P")+COUNTIF(AN68,"P")+COUNTIF(AT68,"P")+COUNTIF(AZ68,"P")+COUNTIF(BF68,"P")+COUNTIF(BL68,"P")+COUNTIF(BR68,"P")+COUNTIF(BX68,"P")+COUNTIF(CD68,"P")+COUNTIF(CJ68,"P") -> 0 | CS68: =(INT(E68)*3+(E68-INT(E68))*10)+(INT(K68)*3+(K68-INT(K68))*10)+(INT(Q68)*3+(Q68-INT(Q68))*10)+(INT(W68)*3+(W68-INT(W68))*10)+(INT(AC68)*3+(AC68-INT(AC68))*10)+(INT(AI68)*3+(AI68-INT(AI68))*10)+(INT(AO68)*3+(AO68-INT(AO68))*10)+(INT(AU68)*3+(AU68-INT(AU68))*10)+(INT(BA68)*3+(BA68-INT(BA68))*10)+(INT(BG68)*3+(BG68-INT(BG68))*10)+(INT(BM68)*3+(BM68-INT(BM68))*10)+(INT(BS68)*3+(BS68-INT(BS68))*10)+(INT(BY68)*3+(BY68-INT(BY68))*10)+(INT(CE68)*3+(CE68-INT(CE68))*10)+(INT(CK68)*3+(CK68-INT(CK68))*10) -> 7 | CT68: =INT(CS68/3)+MOD(CS68,3)/10 -> 2.1 | CU68: =F68+L68+R68+X68+AD68+AJ68+AP68+AV68+BB68+BH68+BN68+BT68+BZ68+CF68+CL68 -> 2 | CV68: =G68+M68+S68+Y68+AE68+AK68+AQ68+AW68+BC68+BI68+BO68+BU68+CA68+CG68+CM68 -> 3 | CW68: =H68+N68+T68+Z68+AF68+AL68+AR68+AX68+BD68+BJ68+BP68+BV68+CB68+CH68+CN68 -> 1 | CX68: =IFERROR(CU68*27/CS68,0) -> 7.7142857 | CY68: =COUNTIF(D68,"S")+COUNTIF(J68,"S")+COUNTIF(P68,"S")+COUNTIF(V68,"S")+COUNTIF(AB68,"S")+COUNTIF(AH68,"S")+COUNTIF(AN68,"S")+COUNTIF(AT68,"S")+COUNTIF(AZ68,"S")+COUNTIF(BF68,"S")+COUNTIF(BL68,"S")+COUNTIF(BR68,"S")+COUNTIF(BX68,"S")+COUNTIF(CD68,"S")+COUNTIF(CJ68,"S") -> 0
A69: =IF(A11="","",A11) -> Jose Diaz | B69: =IF(B11="","",B11) -> 4 | C69: 1 | D69: G | E69: 3 | F69: 4 | G69: 6 | H69: 4 | I69: 1 | J69: G | K69: 1.1 | L69: 3 | M69: 5 | N69: 0 | CP69: =C69+I69+O69+U69+AA69+AG69+AM69+AS69+AY69+BE69+BK69+BQ69+BW69+CC69+CI69 -> 2 | CQ69: =COUNTIF(D69,"G")+COUNTIF(J69,"G")+COUNTIF(P69,"G")+COUNTIF(V69,"G")+COUNTIF(AB69,"G")+COUNTIF(AH69,"G")+COUNTIF(AN69,"G")+COUNTIF(AT69,"G")+COUNTIF(AZ69,"G")+COUNTIF(BF69,"G")+COUNTIF(BL69,"G")+COUNTIF(BR69,"G")+COUNTIF(BX69,"G")+COUNTIF(CD69,"G")+COUNTIF(CJ69,"G") -> 2 | CR69: =COUNTIF(D69,"P")+COUNTIF(J69,"P")+COUNTIF(P69,"P")+COUNTIF(V69,"P")+COUNTIF(AB69,"P")+COUNTIF(AH69,"P")+COUNTIF(AN69,"P")+COUNTIF(AT69,"P")+COUNTIF(AZ69,"P")+COUNTIF(BF69,"P")+COUNTIF(BL69,"P")+COUNTIF(BR69,"P")+COUNTIF(BX69,"P")+COUNTIF(CD69,"P")+COUNTIF(CJ69,"P") -> 0 | CS69: =(INT(E69)*3+(E69-INT(E69))*10)+(INT(K69)*3+(K69-INT(K69))*10)+(INT(Q69)*3+(Q69-INT(Q69))*10)+(INT(W69)*3+(W69-INT(W69))*10)+(INT(AC69)*3+(AC69-INT(AC69))*10)+(INT(AI69)*3+(AI69-INT(AI69))*10)+(INT(AO69)*3+(AO69-INT(AO69))*10)+(INT(AU69)*3+(AU69-INT(AU69))*10)+(INT(BA69)*3+(BA69-INT(BA69))*10)+(INT(BG69)*3+(BG69-INT(BG69))*10)+(INT(BM69)*3+(BM69-INT(BM69))*10)+(INT(BS69)*3+(BS69-INT(BS69))*10)+(INT(BY69)*3+(BY69-INT(BY69))*10)+(INT(CE69)*3+(CE69-INT(CE69))*10)+(INT(CK69)*3+(CK69-INT(CK69))*10) -> 13 | CT69: =INT(CS69/3)+MOD(CS69,3)/10 -> 4.1 | CU69: =F69+L69+R69+X69+AD69+AJ69+AP69+AV69+BB69+BH69+BN69+BT69+BZ69+CF69+CL69 -> 7 | CV69: =G69+M69+S69+Y69+AE69+AK69+AQ69+AW69+BC69+BI69+BO69+BU69+CA69+CG69+CM69 -> 11 | CW69: =H69+N69+T69+Z69+AF69+AL69+AR69+AX69+BD69+BJ69+BP69+BV69+CB69+CH69+CN69 -> 4 | CX69: =IFERROR(CU69*27/CS69,0) -> 14.538462 | CY69: =COUNTIF(D69,"S")+COUNTIF(J69,"S")+COUNTIF(P69,"S")+COUNTIF(V69,"S")+COUNTIF(AB69,"S")+COUNTIF(AH69,"S")+COUNTIF(AN69,"S")+COUNTIF(AT69,"S")+COUNTIF(AZ69,"S")+COUNTIF(BF69,"S")+COUNTIF(BL69,"S")+COUNTIF(BR69,"S")+COUNTIF(BX69,"S")+COUNTIF(CD69,"S")+COUNTIF(CJ69,"S") -> 0
A70: =IF(A12="","",A12) -> Jose Reyes | B70: =IF(B12="","",B12) -> 5 | C70: 1 | D70: G | E70: 2 | F70: 4 | G70: 2 | H70: 4 | I70: 0 | CP70: =C70+I70+O70+U70+AA70+AG70+AM70+AS70+AY70+BE70+BK70+BQ70+BW70+CC70+CI70 -> 1 | CQ70: =COUNTIF(D70,"G")+COUNTIF(J70,"G")+COUNTIF(P70,"G")+COUNTIF(V70,"G")+COUNTIF(AB70,"G")+COUNTIF(AH70,"G")+COUNTIF(AN70,"G")+COUNTIF(AT70,"G")+COUNTIF(AZ70,"G")+COUNTIF(BF70,"G")+COUNTIF(BL70,"G")+COUNTIF(BR70,"G")+COUNTIF(BX70,"G")+COUNTIF(CD70,"G")+COUNTIF(CJ70,"G") -> 1 | CR70: =COUNTIF(D70,"P")+COUNTIF(J70,"P")+COUNTIF(P70,"P")+COUNTIF(V70,"P")+COUNTIF(AB70,"P")+COUNTIF(AH70,"P")+COUNTIF(AN70,"P")+COUNTIF(AT70,"P")+COUNTIF(AZ70,"P")+COUNTIF(BF70,"P")+COUNTIF(BL70,"P")+COUNTIF(BR70,"P")+COUNTIF(BX70,"P")+COUNTIF(CD70,"P")+COUNTIF(CJ70,"P") -> 0 | CS70: =(INT(E70)*3+(E70-INT(E70))*10)+(INT(K70)*3+(K70-INT(K70))*10)+(INT(Q70)*3+(Q70-INT(Q70))*10)+(INT(W70)*3+(W70-INT(W70))*10)+(INT(AC70)*3+(AC70-INT(AC70))*10)+(INT(AI70)*3+(AI70-INT(AI70))*10)+(INT(AO70)*3+(AO70-INT(AO70))*10)+(INT(AU70)*3+(AU70-INT(AU70))*10)+(INT(BA70)*3+(BA70-INT(BA70))*10)+(INT(BG70)*3+(BG70-INT(BG70))*10)+(INT(BM70)*3+(BM70-INT(BM70))*10)+(INT(BS70)*3+(BS70-INT(BS70))*10)+(INT(BY70)*3+(BY70-INT(BY70))*10)+(INT(CE70)*3+(CE70-INT(CE70))*10)+(INT(CK70)*3+(CK70-INT(CK70))*10) -> 6 | CT70: =INT(CS70/3)+MOD(CS70,3)/10 -> 2 | CU70: =F70+L70+R70+X70+AD70+AJ70+AP70+AV70+BB70+BH70+BN70+BT70+BZ70+CF70+CL70 -> 4 | CV70: =G70+M70+S70+Y70+AE70+AK70+AQ70+AW70+BC70+BI70+BO70+BU70+CA70+CG70+CM70 -> 2 | CW70: =H70+N70+T70+Z70+AF70+AL70+AR70+AX70+BD70+BJ70+BP70+BV70+CB70+CH70+CN70 -> 4 | CX70: =IFERROR(CU70*27/CS70,0) -> 18 | CY70: =COUNTIF(D70,"S")+COUNTIF(J70,"S")+COUNTIF(P70,"S")+COUNTIF(V70,"S")+COUNTIF(AB70,"S")+COUNTIF(AH70,"S")+COUNTIF(AN70,"S")+COUNTIF(AT70,"S")+COUNTIF(AZ70,"S")+COUNTIF(BF70,"S")+COUNTIF(BL70,"S")+COUNTIF(BR70,"S")+COUNTIF(BX70,"S")+COUNTIF(CD70,"S")+COUNTIF(CJ70,"S") -> 0
A71: =IF(A13="","",A13) -> Jose Morales | B71: =IF(B13="","",B13) -> 6 | C71: 0 | I71: 1 | J71: G | K71: 3 | L71: 2 | M71: 2 | N71: 3 | CP71: =C71+I71+O71+U71+AA71+AG71+AM71+AS71+AY71+BE71+BK71+BQ71+BW71+CC71+CI71 -> 1 | CQ71: =COUNTIF(D71,"G")+COUNTIF(J71,"G")+COUNTIF(P71,"G")+COUNTIF(V71,"G")+COUNTIF(AB71,"G")+COUNTIF(AH71,"G")+COUNTIF(AN71,"G")+COUNTIF(AT71,"G")+COUNTIF(AZ71,"G")+COUNTIF(BF71,"G")+COUNTIF(BL71,"G")+COUNTIF(BR71,"G")+COUNTIF(BX71,"G")+COUNTIF(CD71,"G")+COUNTIF(CJ71,"G") -> 1 | CR71: =COUNTIF(D71,"P")+COUNTIF(J71,"P")+COUNTIF(P71,"P")+COUNTIF(V71,"P")+COUNTIF(AB71,"P")+COUNTIF(AH71,"P")+COUNTIF(AN71,"P")+COUNTIF(AT71,"P")+COUNTIF(AZ71,"P")+COUNTIF(BF71,"P")+COUNTIF(BL71,"P")+COUNTIF(BR71,"P")+COUNTIF(BX71,"P")+COUNTIF(CD71,"P")+COUNTIF(CJ71,"P") -> 0 | CS71: =(INT(E71)*3+(E71-INT(E71))*10)+(INT(K71)*3+(K71-INT(K71))*10)+(INT(Q71)*3+(Q71-INT(Q71))*10)+(INT(W71)*3+(W71-INT(W71))*10)+(INT(AC71)*3+(AC71-INT(AC71))*10)+(INT(AI71)*3+(AI71-INT(AI71))*10)+(INT(AO71)*3+(AO71-INT(AO71))*10)+(INT(AU71)*3+(AU71-INT(AU71))*10)+(INT(BA71)*3+(BA71-INT(BA71))*10)+(INT(BG71)*3+(BG71-INT(BG71))*10)+(INT(BM71)*3+(BM71-INT(BM71))*10)+(INT(BS71)*3+(BS71-INT(BS71))*10)+(INT(BY71)*3+(BY71-INT(BY71))*10)+(INT(CE71)*3+(CE71-INT(CE71))*10)+(INT(CK71)*3+(CK71-INT(CK71))*10) -> 9 | CT71: =INT(CS71/3)+MOD(CS71,3)/10 -> 3 | CU71: =F71+L71+R71+X71+AD71+AJ71+AP71+AV71+BB71+BH71+BN71+BT71+BZ71+CF71+CL71 -> 2 | CV71: =G71+M71+S71+Y71+AE71+AK71+AQ71+AW71+BC71+BI71+BO71+BU71+CA71+CG71+CM71 -> 2 | CW71: =H71+N71+T71+Z71+AF71+AL71+AR71+AX71+BD71+BJ71+BP71+BV71+CB71+CH71+CN71 -> 3 | CX71: =IFERROR(CU71*27/CS71,0) -> 6 | CY71: =COUNTIF(D71,"S")+COUNTIF(J71,"S")+COUNTIF(P71,"S")+COUNTIF(V71,"S")+COUNTIF(AB71,"S")+COUNTIF(AH71,"S")+COUNTIF(AN71,"S")+COUNTIF(AT71,"S")+COUNTIF(AZ71,"S")+COUNTIF(BF71,"S")+COUNTIF(BL71,"S")+COUNTIF(BR71,"S")+COUNTIF(BX71,"S")+COUNTIF(CD71,"S")+COUNTIF(CJ71,"S") -> 0
A72: =IF(A14="","",A14) -> Jose Cruz | B72: =IF(B14="","",B14) -> 7 | C72: 1 | D72: G | E72: 3 | F72: 0 | G72: 6 | H72: 2 | I72: 0 | CP72: =C72+I72+O72+U72+AA72+AG72+AM72+AS72+AY72+BE72+BK72+BQ72+BW72+CC72+CI72 -> 1 | CQ72: =COUNTIF(D72,"G")+COUNTIF(J72,"G")+COUNTIF(P72,"G")+COUNTIF(V72,"G")+COUNTIF(AB72,"G")+COUNTIF(AH72,"G")+COUNTIF(AN72,"G")+COUNTIF(AT72,"G")+COUNTIF(AZ72,"G")+COUNTIF(BF72,"G")+COUNTIF(BL72,"G")+COUNTIF(BR72,"G")+COUNTIF(BX72,"G")+COUNTIF(CD72,"G")+COUNTIF(CJ72,"G") -> 1 | CR72: =COUNTIF(D72,"P")+COUNTIF(J72,"P")+COUNTIF(P72,"P")+COUNTIF(V72,"P")+COUNTIF(AB72,"P")+COUNTIF(AH72,"P")+COUNTIF(AN72,"P")+COUNTIF(AT72,"P")+COUNTIF(AZ72,"P")+COUNTIF(BF72,"P")+COUNTIF(BL72,"P")+COUNTIF(BR72,"P")+COUNTIF(BX72,"P")+COUNTIF(CD72,"P")+COUNTIF(CJ72,"P") -> 0 | CS72: =(INT(E72)*3+(E72-INT(E72))*10)+(INT(K72)*3+(K72-INT(K72))*10)+(INT(Q72)*3+(Q72-INT(Q72))*10)+(INT(W72)*3+(W72-INT(W72))*10)+(INT(AC72)*3+(AC72-INT(AC72))*10)+(INT(AI72)*3+(AI72-INT(AI72))*10)+(INT(AO72)*3+(AO72-INT(AO72))*10)+(INT(AU72)*3+(AU72-INT(AU72))*10)+(INT(BA72)*3+(BA72-INT(BA72))*10)+(INT(BG72)*3+(BG72-INT(BG72))*10)+(INT(BM72)*3+(BM72-INT(BM72))*10)+(INT(BS72)*3+(BS72-INT(BS72))*10)+(INT(BY72)*3+(BY72-INT(BY72))*10)+(INT(CE72)*3+(CE72-INT(CE72))*10)+(INT(CK72)*3+(CK72-INT(CK72))*10) -> 9 | CT72: =INT(CS72/3)+MOD(CS72,3)/10 -> 3 | CU72: =F72+L72+R72+X72+AD72+AJ72+AP72+AV72+BB72+BH72+BN72+BT72+BZ72+CF72+CL72 -> 0 | CV72: =G72+M72+S72+Y72+AE72+AK72+AQ72+AW72+BC72+BI72+BO72+BU72+CA72+CG72+CM72 -> 6 | CW72: =H72+N72+T72+Z72+AF72+AL72+AR72+AX72+BD72+BJ72+BP72+BV72+CB72+CH72+CN72 -> 2 | CX72: =IFERROR(CU72*27/CS72,0) -> 0 | CY72: =COUNTIF(D72,"S")+COUNTIF(J72,"S")+COUNTIF(P72,"S")+COUNTIF(V72,"S")+COUNTIF(AB72,"S")+COUNTIF(AH72,"S")+COUNTIF(AN72,"S")+COUNTIF(AT72,"S")+COUNTIF(AZ72,"S")+COUNTIF(BF72,"S")+COUNTIF(BL72,"S")+COUNTIF(BR72,"S")+COUNTIF(BX72,"S")+COUNTIF(CD72,"S")+COUNTIF(CJ72,"S") -> 0
A73: =IF(A15="","",A15) -> Jose Ortiz | B73: =IF(B15="","",B15) -> 8 | C73: 1 | D73: G | E73: 2.2 | F73: 2 | G73: 2 | H73: 4 | I73: 0 | CP73: =C73+I73+O73+U73+AA73+AG73+AM73+AS73+AY73+BE73+BK73+BQ73+BW73+CC73+CI73 -> 1 | CQ73: =COUNTIF(D73,"G")+COUNTIF(J73,"G")+COUNTIF(P73,"G")+COUNTIF(V73,"G")+COUNTIF(AB73,"G")+COUNTIF(AH73,"G")+COUNTIF(AN73,"G")+COUNTIF(AT73,"G")+COUNTIF(AZ73,"G")+COUNTIF(BF73,"G")+COUNTIF(BL73,"G")+COUNTIF(BR73,"G")+COUNTIF(BX73,"G")+COUNTIF(CD73,"G")+COUNTIF(CJ73,"G") -> 1 | CR73: =COUNTIF(D73,"P")+COUNTIF(J73,"P")+COUNTIF(P73,"P")+COUNTIF(V73,"P")+COUNTIF(AB73,"P")+COUNTIF(AH73,"P")+COUNTIF(AN73,"P")+COUNTIF(AT73,"P")+COUNTIF(AZ73,"P")+COUNTIF(BF73,"P")+COUNTIF(BL73,"P")+COUNTIF(BR73,"P")+COUNTIF(BX73,"P")+COUNTIF(CD73,"P")+COUNTIF(CJ73,"P") -> 0 | CS73: =(INT(E73)*3+(E73-INT(E73))*10)+(INT(K73)*3+(K73-INT(K73))*10)+(INT(Q73)*3+(Q73-INT(Q73))*10)+(INT(W73)*3+(W73-INT(W73))*10)+(INT(AC73)*3+(AC73-INT(AC73))*10)+(INT(AI73)*3+(AI73-INT(AI73))*10)+(INT(AO73)*3+(AO73-INT(AO73))*10)+(INT(AU73)*3+(AU73-INT(AU73))*10)+(INT(BA73)*3+(BA73-INT(BA73))*10)+(INT(BG73)*3+(BG73-INT(BG73))*10)+(INT(BM73)*3+(BM73-INT(BM73))*10)+(INT(BS73)*3+(BS73-INT(BS73))*10)+(INT(BY73)*3+(BY73-INT(BY73))*10)+(INT(CE73)*3+(CE73-INT(CE73))*10)+(INT(CK73)*3+(CK73-INT(CK73))*10) -> 8 | CT73: =INT(CS73/3)+MOD(CS73,3)/10 -> 2.2 | CU73: =F73+L73+R73+X73+AD73+AJ73+AP73+AV73+BB73+BH73+BN73+BT73+BZ73+CF73+CL73 -> 2 | CV73: =G73+M73+S73+Y73+AE73+AK73+AQ73+AW73+BC73+BI73+BO73+BU73+CA73+CG73+CM73 -> 2 | CW73: =H73+N73+T73+Z73+AF73+AL73+AR73+AX73+BD73+BJ73+BP73+BV73+CB73+CH73+CN73 -> 4 | CX73: =IFERROR(CU73*27/CS73,0) -> 6.75 | CY73: =COUNTIF(D73,"S")+COUNTIF(J73,"S")+COUNTIF(P73,"S")+COUNTIF(V73,"S")+COUNTIF(AB73,"S")+COUNTIF(AH73,"S")+COUNTIF(AN73,"S")+COUNTIF(AT73,"S")+COUNTIF(AZ73,"S")+COUNTIF(BF73,"S")+COUNTIF(BL73,"S")+COUNTIF(BR73,"S")+COUNTIF(BX73,"S")+COUNTIF(CD73,"S")+COUNTIF(CJ73,"S") -> 0
A74: =IF(A16="","",A16) -> Jose Gutierrez | B74: =IF(B16="","",B16) -> 9 | C74: 0 | I74: 1 | J74: P | K74: 3 | L74: 1 | M74: 4 | N74: 2 | CP74: =C74+I74+O74+U74+AA74+AG74+AM74+AS74+AY74+BE74+BK74+BQ74+BW74+CC74+CI74 -> 1 | CQ74: =COUNTIF(D74,"G")+COUNTIF(J74,"G")+COUNTIF(P74,"G")+COUNTIF(V74,"G")+COUNTIF(AB74,"G")+COUNTIF(AH74,"G")+COUNTIF(AN74,"G")+COUNTIF(AT74,"G")+COUNTIF(AZ74,"G")+COUNTIF(BF74,"G")+COUNTIF(BL74,"G")+COUNTIF(BR74,"G")+COUNTIF(BX74,"G")+COUNTIF(CD74,"G")+COUNTIF(CJ74,"G") -> 0 | CR74: =COUNTIF(D74,"P")+COUNTIF(J74,"P")+COUNTIF(P74,"P")+COUNTIF(V74,"P")+COUNTIF(AB74,"P")+COUNTIF(AH74,"P")+COUNTIF(AN74,"P")+COUNTIF(AT74,"P")+COUNTIF(AZ74,"P")+COUNTIF(BF74,"P")+COUNTIF(BL74,"P")+COUNTIF(BR74,"P")+COUNTIF(BX74,"P")+COUNTIF(CD74,"P")+COUNTIF(CJ74,"P") -> 1 | CS74: =(INT(E74)*3+(E74-INT(E74))*10)+(INT(K74)*3+(K74-INT(K74))*10)+(INT(Q74)*3+(Q74-INT(Q74))*10)+(INT(W74)*3+(W74-INT(W74))*10)+(INT(AC74)*3+(AC74-INT(AC74))*10)+(INT(AI74)*3+(AI74-INT(AI74))*10)+(INT(AO74)*3+(AO74-INT(AO74))*10)+(INT(AU74)*3+(AU74-INT(AU74))*10)+(INT(BA74)*3+(BA74-INT(BA74))*10)+(INT(BG74)*3+(BG74-INT(BG74))*10)+(INT(BM74)*3+(BM74-INT(BM74))*10)+(INT(BS74)*3+(BS74-INT(BS74))*10)+(INT(BY74)*3+(BY74-INT(BY74))*10)+(INT(CE74)*3+(CE74-INT(CE74))*10)+(INT(CK74)*3+(CK74-INT(CK74))*10) -> 9 | CT74: =INT(CS74/3)+MOD(CS74,3)/10 -> 3 | CU74: =F74+L74+R74+X74+AD74+AJ74+AP74+AV74+BB74+BH74+BN74+BT74+BZ74+CF74+CL74 -> 1 | CV74: =G74+M74+S74+Y74+AE74+AK74+AQ74+AW74+BC74+BI74+BO74+BU74+CA74+CG74+CM74 -> 4 | CW74: =H74+N74+T74+Z74+AF74+AL74+AR74+AX74+BD74+BJ74+BP74+BV74+CB74+CH74+CN74 -> 2 | CX74: =IFERROR(CU74*27/CS74,0) -> 3 | CY74: =COUNTIF(D74,"S")+COUNTIF(J74,"S")+COUNTIF(P74,"S")+COUNTIF(V74,"S")+COUNTIF(AB74,"S")+COUNTIF(AH74,"S")+COUNTIF(AN74,"S")+COUNTIF(AT74,"S")+COUNTIF(AZ74,"S")+COUNTIF(BF74,"S")+COUNTIF(BL74,"S")+COUNTIF(BR74,"S")+COUNTIF(BX74,"S")+COUNTIF(CD74,"S")+COUNTIF(CJ74,"S") -> 0
A75: =IF(A17="","",A17) -> Jose Castillo | B75: =IF(B17="","",B17) -> 10 | C75: 0 | I75: 0 | CP75: =C75+I75+O75+U75+AA75+AG75+AM75+AS75+AY75+BE75+BK75+BQ75+BW75+CC75+CI75 -> 0 | CQ75: =COUNTIF(D75,"G")+COUNTIF(J75,"G")+COUNTIF(P75,"G")+COUNTIF(V75,"G")+COUNTIF(AB75,"G")+COUNTIF(AH75,"G")+COUNTIF(AN75,"G")+COUNTIF(AT75,"G")+COUNTIF(AZ75,"G")+COUNTIF(BF75,"G")+COUNTIF(BL75,"G")+COUNTIF(BR75,"G")+COUNTIF(BX75,"G")+COUNTIF(CD75,"G")+COUNTIF(CJ75,"G") -> 0 | CR75: =COUNTIF(D75,"P")+COUNTIF(J75,"P")+COUNTIF(P75,"P")+COUNTIF(V75,"P")+COUNTIF(AB75,"P")+COUNTIF(AH75,"P")+COUNTIF(AN75,"P")+COUNTIF(AT75,"P")+COUNTIF(AZ75,"P")+COUNTIF(BF75,"P")+COUNTIF(BL75,"P")+COUNTIF(BR75,"P")+COUNTIF(BX75,"P")+COUNTIF(CD75,"P")+COUNTIF(CJ75,"P") -> 0 | CS75: =(INT(E75)*3+(E75-INT(E75))*10)+(INT(K75)*3+(K75-INT(K75))*10)+(INT(Q75)*3+(Q75-INT(Q75))*10)+(INT(W75)*3+(W75-INT(W75))*10)+(INT(AC75)*3+(AC75-INT(AC75))*10)+(INT(AI75)*3+(AI75-INT(AI75))*10)+(INT(AO75)*3+(AO75-INT(AO75))*10)+(INT(AU75)*3+(AU75-INT(AU75))*10)+(INT(BA75)*3+(BA75-INT(BA75))*10)+(INT(BG75)*3+(BG75-INT(BG75))*10)+(INT(BM75)*3+(BM75-INT(BM75))*10)+(INT(BS75)*3+(BS75-INT(BS75))*10)+(INT(BY75)*3+(BY75-INT(BY75))*10)+(INT(CE75)*3+(CE75-INT(CE75))*10)+(INT(CK75)*3+(CK75-INT(CK75))*10) -> 0 | CT75: =INT(CS75/3)+MOD(CS75,3)/10 -> 0 | CU75: =F75+L75+R75+X75+AD75+AJ75+AP75+AV75+BB75+BH75+BN75+BT75+BZ75+CF75+CL75 -> 0 | CV75: =G75+M75+S75+Y75+AE75+AK75+AQ75+AW75+BC75+BI75+BO75+BU75+CA75+CG75+CM75 -> 0 | CW75: =H75+N75+T75+Z75+AF75+AL75+AR75+AX75+BD75+BJ75+BP75+BV75+CB75+CH75+CN75 -> 0 | CX75: =IFERROR(CU75*27/CS75,0) -> 0 | CY75: =COUNTIF(D75,"S")+COUNTIF(J75,"S")+COUNTIF(P75,"S")+COUNTIF(V75,"S")+COUNTIF(AB75,"S")+COUNTIF(AH75,"S")+COUNTIF(AN75,"S")+COUNTIF(AT75,"S")+COUNTIF(AZ75,"S")+COUNTIF(BF75,"S")+COUNTIF(BL75,"S")+COUNTIF(BR75,"S")+COUNTIF(BX75,"S")+COUNTIF(CD75,"S")+COUNTIF(CJ75,"S") -> 0
A76: =IF(A18="","",A18) -> Miguel Garcia | B76: =IF(B18="","",B18) -> 11 | C76: 1 | D76: G | E76: 1.1 | F76: 2 | G76: 2 | H76: 4 | I76: 1 | J76: G | K76: 2.2 | L76: 3 | M76: 6 | N76: 1 | CP76: =C76+I76+O76+U76+AA76+AG76+AM76+AS76+AY76+BE76+BK76+BQ76+BW76+CC76+CI76 -> 2 | CQ76: =COUNTIF(D76,"G")+COUNTIF(J76,"G")+COUNTIF(P76,"G")+COUNTIF(V76,"G")+COUNTIF(AB76,"G")+COUNTIF(AH76,"G")+COUNTIF(AN76,"G")+COUNTIF(AT76,"G")+COUNTIF(AZ76,"G")+COUNTIF(BF76,"G")+COUNTIF(BL76,"G")+COUNTIF(BR76,"G")+COUNTIF(BX76,"G")+COUNTIF(CD76,"G")+COUNTIF(CJ76,"G") -> 2 | CR76: =COUNTIF(D76,"P")+COUNTIF(J76,"P")+COUNTIF(P76,"P")+COUNTIF(V76,"P")+COUNTIF(AB76,"P")+COUNTIF(AH76,"P")+COUNTIF(AN76,"P")+COUNTIF(AT76,"P")+COUNTIF(AZ76,"P")+COUNTIF(BF76,"P")+COUNTIF(BL76,"P")+COUNTIF(BR76,"P")+COUNTIF(BX76,"P")+COUNTIF(CD76,"P")+COUNTIF(CJ76,"P") -> 0 | CS76: =(INT(E76)*3+(E76-INT(E76))*10)+(INT(K76)*3+(K76-INT(K76))*10)+(INT(Q76)*3+(Q76-INT(Q76))*10)+(INT(W76)*3+(W76-INT(W76))*10)+(INT(AC76)*3+(AC76-INT(AC76))*10)+(INT(AI76)*3+(AI76-INT(AI76))*10)+(INT(AO76)*3+(AO76-INT(AO76))*10)+(INT(AU76)*3+(AU76-INT(AU76))*10)+(INT(BA76)*3+(BA76-INT(BA76))*10)+(INT(BG76)*3+(BG76-INT(BG76))*10)+(INT(BM76)*3+(BM76-INT(BM76))*10)+(INT(BS76)*3+(BS76-INT(BS76))*10)+(INT(BY76)*3+(BY76-INT(BY76))*10)+(INT(CE76)*3+(CE76-INT(CE76))*10)+(INT(CK76)*3+(CK76-INT(CK76))*10) -> 12 | CT76: =INT(CS76/3)+MOD(CS76,3)/10 -> 4 | CU76: =F76+L76+R76+X76+AD76+AJ76+AP76+AV76+BB76+BH76+BN76+BT76+BZ76+CF76+CL76 -> 5 | CV76: =G76+M76+S76+Y76+AE76+AK76+AQ76+AW76+BC76+BI76+BO76+BU76+CA76+CG76+CM76 -> 8 | CW76: =H76+N76+T76+Z76+AF76+AL76+AR76+AX76+BD76+BJ76+BP76+BV76+CB76+CH76+CN76 -> 5 | CX76: =IFERROR(CU76*27/CS76,0) -> 11.25 | CY76: =COUNTIF(D76,"S")+COUNTIF(J76,"S")+COUNTIF(P76,"S")+COUNTIF(V76,"S")+COUNTIF(AB76,"S")+COUNTIF(AH76,"S")+COUNTIF(AN76,"S")+COUNTIF(AT76,"S")+COUNTIF(AZ76,"S")+COUNTIF(BF76,"S")+COUNTIF(BL76,"S")+COUNTIF(BR76,"S")+COUNTIF(BX76,"S")+COUNTIF(CD76,"S")+COUNTIF(CJ76,"S") -> 0
A77: =IF(A19="","",A19) -> Miguel Rodriguez | B77: =IF(B19="","",B19) -> 12 | C77: 0 | I77: 0 | CP77: =C77+I77+O77+U77+AA77+AG77+AM77+AS77+AY77+BE77+BK77+BQ77+BW77+CC77+CI77 -> 0 | CQ77: =COUNTIF(D77,"G")+COUNTIF(J77,"G")+COUNTIF(P77,"G")+COUNTIF(V77,"G")+COUNTIF(AB77,"G")+COUNTIF(AH77,"G")+COUNTIF(AN77,"G")+COUNTIF(AT77,"G")+COUNTIF(AZ77,"G")+COUNTIF(BF77,"G")+COUNTIF(BL77,"G")+COUNTIF(BR77,"G")+COUNTIF(BX77,"G")+COUNTIF(CD77,"G")+COUNTIF(CJ77,"G") -> 0 | CR77: =COUNTIF(D77,"P")+COUNTIF(J77,"P")+COUNTIF(P77,"P")+COUNTIF(V77,"P")+COUNTIF(AB77,"P")+COUNTIF(AH77,"P")+COUNTIF(AN77,"P")+COUNTIF(AT77,"P")+COUNTIF(AZ77,"P")+COUNTIF(BF77,"P")+COUNTIF(BL77,"P")+COUNTIF(BR77,"P")+COUNTIF(BX77,"P")+COUNTIF(CD77,"P")+COUNTIF(CJ77,"P") -> 0 | CS77: =(INT(E77)*3+(E77-INT(E77))*10)+(INT(K77)*3+(K77-INT(K77))*10)+(INT(Q77)*3+(Q77-INT(Q77))*10)+(INT(W77)*3+(W77-INT(W77))*10)+(INT(AC77)*3+(AC77-INT(AC77))*10)+(INT(AI77)*3+(AI77-INT(AI77))*10)+(INT(AO77)*3+(AO77-INT(AO77))*10)+(INT(AU77)*3+(AU77-INT(AU77))*10)+(INT(BA77)*3+(BA77-INT(BA77))*10)+(INT(BG77)*3+(BG77-INT(BG77))*10)+(INT(BM77)*3+(BM77-INT(BM77))*10)+(INT(BS77)*3+(BS77-INT(BS77))*10)+(INT(BY77)*3+(BY77-INT(BY77))*10)+(INT(CE77)*3+(CE77-INT(CE77))*10)+(INT(CK77)*3+(CK77-INT(CK77))*10) -> 0 | CT77: =INT(CS77/3)+MOD(CS77,3)/10 -> 0 | CU77: =F77+L77+R77+X77+AD77+AJ77+AP77+AV77+BB77+BH77+BN77+BT77+BZ77+CF77+CL77 -> 0 | CV77: =G77+M77+S77+Y77+AE77+AK77+AQ77+AW77+BC77+BI77+BO77+BU77+CA77+CG77+CM77 -> 0 | CW77: =H77+N77+T77+Z77+AF77+AL77+AR77+AX77+BD77+BJ77+BP77+BV77+CB77+CH77+CN77 -> 0 | CX77: =IFERROR(CU77*27/CS77,0) -> 0 | CY77: =COUNTIF(D77,"S")+COUNTIF(J77,"S")+COUNTIF(P77,"S")+COUNTIF(V77,"S")+COUNTIF(AB77,"S")+COUNTIF(AH77,"S")+COUNTIF(AN77,"S")+COUNTIF(AT77,"S")+COUNTIF(AZ77,"S")+COUNTIF(BF77,"S")+COUNTIF(BL77,"S")+COUNTIF(BR77,"S")+COUNTIF(BX77,"S")+COUNTIF(CD77,"S")+COUNTIF(CJ77,"S") -> 0
